client,round,class,accuracy,precision,recall,f1_score,cohen_kappa_score,roc_auc_score,confusion_matrix,TP,FP,FN,TN
1,16,awake,0.693901061004065,0.8310416507742772,0.7840955097120134,0.8068863037732094,0.07216662085463543,0.5395711286375862,[[ 7416 17719][ 23998 87153]],7416,17719,23998,87153
1,16,asleep,0.693901061004065,0.23607308843190933,0.29504674756315896,0.26228580523086176,0.07216662085463543,0.5395711286375862,[[ 87153 23998][ 17719 7416]],87153,23998,17719,7416
1,16,avg,0.693901061004065,0.5335573696030933,0.5395711286375862,0.5345860545020356,0.07216662085463543,0.5395711286375862,,,,,
