client,round,class,accuracy,precision,recall,f1_score,cohen_kappa_score,roc_auc_score,confusion_matrix,TP,FP,FN,TN
1,23,awake,0.656472418296817,0.8311457014319981,0.7263542388282607,0.775224688892303,0.06070244576639461,0.5368990211447848,[[ 8733 16402][ 30416 80735]],8733,16402,30416,80735
1,23,asleep,0.656472418296817,0.2230708319497305,0.34744380346130893,0.27170057868209824,0.06070244576639461,0.5368990211447848,[[ 80735 30416][ 16402 8733]],80735,30416,16402,8733
1,23,avg,0.656472418296817,0.5271082666908643,0.5368990211447848,0.5234626337872006,0.06070244576639461,0.5368990211447848,,,,,
