client,round,class,accuracy,precision,recall,f1_score,cohen_kappa_score,roc_auc_score,confusion_matrix,TP,FP,FN,TN
10,4,awake,0.7816430154234477,0.9123953709896435,0.8100421948520481,0.8581776936897437,0.3910393896625495,0.7330497427413214,[[ 16490 8645][ 21114 90037]],16490,8645,21114,90037
10,4,asleep,0.7816430154234477,0.4385171790235081,0.6560572906305948,0.5256698385374329,0.3910393896625495,0.7330497427413215,[[ 90037 21114][ 8645 16490]],90037,21114,8645,16490
10,4,avg,0.7816430154234477,0.6754562750065758,0.7330497427413214,0.6919237661135883,0.3910393896625495,0.7330497427413214,,,,,
