client,round,class,accuracy,precision,recall,f1_score,cohen_kappa_score,roc_auc_score,confusion_matrix,TP,FP,FN,TN
13,20,awake,0.8086670677839249,0.8859291786501665,0.8785166125360996,0.882207325226316,0.372958298874401,0.6891488970776778,[[ 12562 12573][ 13503 97648]],12562,12573,13503,97648
13,20,asleep,0.8086670677839249,0.4819489737195473,0.499781181619256,0.49070312499999996,0.372958298874401,0.6891488970776778,[[ 97648 13503][ 12573 12562]],97648,13503,12573,12562
13,20,avg,0.8086670677839249,0.6839390761848569,0.6891488970776778,0.6864552251131579,0.372958298874401,0.6891488970776778,,,,,
