client,round,class,accuracy,precision,recall,f1_score,cohen_kappa_score,roc_auc_score,confusion_matrix,TP,FP,FN,TN
10,13,awake,0.8136932626975625,0.9157697752438575,0.8497179512554993,0.881508271694239,0.44872477930729393,0.7520521325802064,[[ 16448 8687][ 16704 94447]],16448,8687,16704,94447
10,13,asleep,0.8136932626975625,0.49613899613899615,0.6543863139049134,0.5643797073103779,0.44872477930729393,0.7520521325802063,[[ 94447 16704][ 8687 16448]],94447,16704,8687,16448
10,13,avg,0.8136932626975625,0.7059543856914268,0.7520521325802063,0.7229439895023084,0.44872477930729393,0.7520521325802063,,,,,
