client,round,class,accuracy,precision,recall,f1_score,cohen_kappa_score,roc_auc_score,confusion_matrix,TP,FP,FN,TN
16,14,awake,0.8078232540392997,0.8678813911597617,0.9016203183057282,0.8844292062147266,0.31565473699571533,0.647328957641028,[[ 9879 15256][ 10935 100216]],9879,15256,10935,100216
16,14,asleep,0.8078232540392997,0.4746324589218795,0.39303759697632784,0.4299984765718514,0.31565473699571533,0.647328957641028,[[ 100216 10935][ 15256 9879]],100216,10935,15256,9879
16,14,avg,0.8078232540392997,0.6712569250408206,0.647328957641028,0.6572138413932891,0.31565473699571533,0.647328957641028,,,,,
