client,round,class,accuracy,precision,recall,f1_score,cohen_kappa_score,roc_auc_score,confusion_matrix,TP,FP,FN,TN
12,13,awake,0.8157037406630174,0.8221089046634917,0.9877643925830627,0.8973555265857236,0.06499891529514756,0.5212941716247321,[[ 1378 23757][ 1360 109791]],1378,23757,1360,109791
12,13,asleep,0.8157037406630174,0.5032870708546384,0.05482395066640143,0.09887704947440173,0.06499891529514756,0.521294171624732,[[ 109791 1360][ 23757 1378]],109791,1360,23757,1378
12,13,avg,0.8157037406630174,0.6626979877590651,0.521294171624732,0.4981162880300627,0.06499891529514756,0.5212941716247321,,,,,
