client,round,class,accuracy,precision,recall,f1_score,cohen_kappa_score,roc_auc_score,confusion_matrix,TP,FP,FN,TN
9,23,awake,0.8353756071790206,0.8675355666216473,0.9419798292413024,0.9032263630089716,0.3585855267328303,0.6529672370793741,[[ 9148 15987][ 6449 104702]],9148,15987,6449,104702
9,23,asleep,0.8353756071790206,0.5865230493043534,0.3639546449174458,0.4491800058921732,0.3585855267328303,0.6529672370793741,[[ 104702 6449][ 15987 9148]],104702,6449,15987,9148
9,23,avg,0.8353756071790206,0.7270293079630004,0.6529672370793741,0.6762031844505725,0.3585855267328303,0.6529672370793741,,,,,
