client,round,class,accuracy,precision,recall,f1_score,cohen_kappa_score,roc_auc_score,confusion_matrix,TP,FP,FN,TN
13,2,awake,0.8007645686277387,0.866630584702411,0.8931633543557863,0.8796969495580514,0.3010991943576208,0.6426628389045692,[[ 9857 15278][ 11875 99276]],9857,15278,11875,99276
13,2,asleep,0.8007645686277387,0.45357077121295786,0.3921623234533519,0.4206371220688331,0.3010991943576208,0.6426628389045692,[[ 99276 11875][ 15278 9857]],99276,11875,15278,9857
13,2,avg,0.8007645686277387,0.6601006779576845,0.6426628389045691,0.6501670358134423,0.3010991943576208,0.6426628389045692,,,,,
