client,round,class,accuracy,precision,recall,f1_score,cohen_kappa_score,roc_auc_score,confusion_matrix,TP,FP,FN,TN
5,9,awake,0.7711283624143346,0.843274803589061,0.8835907909060647,0.8629621819204274,0.17141480891804128,0.5786961314784949,[[ 6882 18253][ 12939 98212]],6882,18253,12939,98212
5,9,asleep,0.7711283624143346,0.3472075071893446,0.27380147205092503,0.3061660290061394,0.17141480891804128,0.5786961314784949,[[ 98212 12939][ 18253 6882]],98212,12939,18253,6882
5,9,avg,0.7711283624143346,0.5952411553892029,0.5786961314784949,0.5845641054632834,0.17141480891804128,0.5786961314784949,,,,,
