client,round,class,accuracy,precision,recall,f1_score,cohen_kappa_score,roc_auc_score,confusion_matrix,TP,FP,FN,TN
7,16,awake,0.8245894662694627,0.852627579684254,0.9489433293447652,0.8982108337804121,0.2771999104006947,0.611810037459333,[[ 6904 18231][ 5675 105476]],6904,18231,5675,105476
7,16,asleep,0.8245894662694627,0.5488512600365689,0.2746767455739009,0.3661239857877711,0.2771999104006947,0.611810037459333,[[ 105476 5675][ 18231 6904]],105476,5675,18231,6904
7,16,avg,0.8245894662694627,0.7007394198604114,0.611810037459333,0.6321674097840916,0.2771999104006947,0.611810037459333,,,,,
