client,round,class,accuracy,precision,recall,f1_score,cohen_kappa_score,roc_auc_score,confusion_matrix,TP,FP,FN,TN
9,26,awake,0.8334385043217939,0.8717084527521664,0.9331000170938633,0.9013601008125842,0.37046215582201525,0.6629096663945544,[[ 9871 15264][ 7436 103715]],9871,15264,7436,103715
9,26,asleep,0.8334385043217939,0.5703472583347778,0.39271931569524565,0.46515244333443284,0.37046215582201525,0.6629096663945544,[[ 103715 7436][ 15264 9871]],103715,7436,15264,9871
9,26,avg,0.8334385043217939,0.7210278555434722,0.6629096663945544,0.6832562720735085,0.37046215582201525,0.6629096663945544,,,,,
