client,round,class,accuracy,precision,recall,f1_score,cohen_kappa_score,roc_auc_score,confusion_matrix,TP,FP,FN,TN
8,8,awake,0.8064217894721395,0.8391275473872029,0.9435362704788981,0.8882743550217674,0.182462398715728,0.5718079203995844,[[ 5029 20106][ 6276 104875]],5029,20106,6276,104875
8,8,asleep,0.8064217894721395,0.44484741264927025,0.20007957032027054,0.2760153677277717,0.182462398715728,0.5718079203995843,[[ 104875 6276][ 20106 5029]],104875,6276,20106,5029
8,8,avg,0.8064217894721395,0.6419874800182366,0.5718079203995843,0.5821448613747695,0.182462398715728,0.5718079203995843,,,,,
