client,round,class,accuracy,precision,recall,f1_score,cohen_kappa_score,roc_auc_score,confusion_matrix,TP,FP,FN,TN
7,2,awake,0.8154175777409272,0.8253910595500261,0.981259727757735,0.8966016145208228,0.09351305445168823,0.5316483639783304,[[ 2062 23073][ 2083 109068]],2062,23073,2083,109068
7,2,asleep,0.8154175777409272,0.4974668275030157,0.0820370001989258,0.1408469945355191,0.09351305445168823,0.5316483639783304,[[ 109068 2083][ 23073 2062]],109068,2083,23073,2062
7,2,avg,0.8154175777409272,0.6614289435265209,0.5316483639783304,0.518724304528171,0.09351305445168823,0.5316483639783304,,,,,
