client,round,class,accuracy,precision,recall,f1_score,cohen_kappa_score,roc_auc_score,confusion_matrix,TP,FP,FN,TN
13,11,awake,0.8364909088240905,0.8846756529794215,0.9193619490602873,0.901685343686579,0.41738533740936623,0.6946919154491809,[[ 11814 13321][ 8963 102188]],11814,13321,8963,102188
13,11,asleep,0.8364909088240905,0.5686095201424652,0.4700218818380744,0.5146366962885521,0.41738533740936623,0.6946919154491809,[[ 102188 8963][ 13321 11814]],102188,8963,13321,11814
13,11,avg,0.8364909088240905,0.7266425865609434,0.6946919154491809,0.7081610199875656,0.41738533740936623,0.6946919154491809,,,,,
