client,round,class,accuracy,precision,recall,f1_score,cohen_kappa_score,roc_auc_score,confusion_matrix,TP,FP,FN,TN
17,9,awake,0.8174500682388507,0.8259187620889749,0.9834549396766561,0.8978287741834803,0.09917177237620689,0.5334024250800229,[[ 2095 23040][ 1839 109312]],2095,23040,1839,109312
17,9,asleep,0.8174500682388507,0.5325368581596339,0.0833499104833897,0.14413980529085968,0.09917177237620689,0.5334024250800229,[[ 109312 1839][ 23040 2095]],109312,1839,23040,2095
17,9,avg,0.8174500682388507,0.6792278101243043,0.5334024250800229,0.5209842897371699,0.09917177237620689,0.5334024250800229,,,,,
