client,round,class,accuracy,precision,recall,f1_score,cohen_kappa_score,roc_auc_score,confusion_matrix,TP,FP,FN,TN
9,20,awake,0.8385600868761282,0.866804914376939,0.947674784752274,0.9054376977032045,0.36140628830568,0.6518560914014006,[[ 8949 16186][ 5816 105335]],8949,16186,5816,105335
9,20,asleep,0.8385600868761282,0.6060954961056553,0.35603739805052714,0.44857142857142857,0.36140628830568,0.6518560914014006,[[ 105335 5816][ 16186 8949]],105335,5816,16186,8949
9,20,avg,0.8385600868761282,0.7364502052412971,0.6518560914014006,0.6770045631373165,0.36140628830568,0.6518560914014006,,,,,
