client,round,class,accuracy,precision,recall,f1_score,cohen_kappa_score,roc_auc_score,confusion_matrix,TP,FP,FN,TN
17,16,awake,0.808498305035,0.8300375624747772,0.9622225621002061,0.8912555259725919,0.12498506657413844,0.5454637775689015,[[ 3235 21900][ 4199 106952]],3235,21900,4199,106952
17,16,asleep,0.808498305035,0.43516276567124024,0.12870499303759697,0.19865516288495194,0.12498506657413844,0.5454637775689015,[[ 106952 4199][ 21900 3235]],106952,4199,21900,3235
17,16,avg,0.808498305035,0.6326001640730088,0.5454637775689015,0.5449553444287719,0.12498506657413844,0.5454637775689015,,,,,
