client,round,class,accuracy,precision,recall,f1_score,cohen_kappa_score,roc_auc_score,confusion_matrix,TP,FP,FN,TN
8,3,awake,0.8021293456407849,0.8296524286139436,0.9530728468479815,0.8870903586965169,0.11765377534524812,0.5438529143728669,[[ 3384 21751][ 5216 105935]],3384,21751,5216,105935
8,3,asleep,0.8021293456407849,0.39348837209302323,0.13463298189775214,0.2006224988883948,0.11765377534524812,0.5438529143728669,[[ 105935 5216][ 21751 3384]],105935,5216,21751,3384
8,3,avg,0.8021293456407849,0.6115704003534834,0.5438529143728669,0.5438564287924559,0.11765377534524812,0.5438529143728669,,,,,
