client,round,class,accuracy,precision,recall,f1_score,cohen_kappa_score,roc_auc_score,confusion_matrix,TP,FP,FN,TN
6,9,awake,0.7010698090779683,0.8703230353329757,0.7443837662279241,0.802442075861467,0.20352057135771873,0.6269561560401606,[[ 12807 12328][ 28412 82739]],12807,12328,28412,82739
6,9,asleep,0.7010698090779683,0.31070622771052187,0.509528545852397,0.3860204358441089,0.20352057135771873,0.6269561560401606,[[ 82739 28412][ 12328 12807]],82739,28412,12328,12807
6,9,avg,0.7010698090779683,0.5905146315217488,0.6269561560401606,0.5942312558527879,0.20352057135771873,0.6269561560401606,,,,,
