client,round,class,accuracy,precision,recall,f1_score,cohen_kappa_score,roc_auc_score,confusion_matrix,TP,FP,FN,TN
1,4,awake,0.7348883964603847,0.8141383180074703,0.8746030175167115,0.843288210724463,-0.00956448765340423,0.4958254793173373,[[ 2942 22193][ 13938 97213]],2942,22193,13938,97213
1,4,asleep,0.7348883964603847,0.17428909952606636,0.117047941117963,0.1400452219445436,-0.00956448765340423,0.4958254793173372,[[ 97213 13938][ 22193 2942]],97213,13938,22193,2942
1,4,avg,0.7348883964603847,0.4942137087667683,0.4958254793173373,0.4916667163345033,-0.00956448765340423,0.4958254793173372,,,,,
