client,round,class,accuracy,precision,recall,f1_score,cohen_kappa_score,roc_auc_score,confusion_matrix,TP,FP,FN,TN
3,24,awake,0.8193871710960774,0.8599906815761449,0.9299421507678743,0.893599546992993,0.3025454198557185,0.6302187380057792,[[ 8307 16828][ 7787 103364]],8307,16828,7787,103364
3,24,asleep,0.8193871710960774,0.5161550888529887,0.3304953252436841,0.40296878410827325,0.3025454198557185,0.6302187380057792,[[ 103364 7787][ 16828 8307]],103364,7787,16828,8307
3,24,avg,0.8193871710960774,0.6880728852145668,0.6302187380057792,0.6482841655506332,0.3025454198557185,0.6302187380057792,,,,,
