client,round,class,accuracy,precision,recall,f1_score,cohen_kappa_score,roc_auc_score,confusion_matrix,TP,FP,FN,TN
12,11,awake,0.8156964031521946,0.8219773804088293,0.98799830860721,0.8973736680394849,0.06379590368943844,0.5208740299749796,[[ 1351 23784][ 1334 109817]],1351,23784,1334,109817
12,11,asleep,0.8156964031521946,0.5031657355679702,0.053749751342749154,0.09712437095614665,0.06379590368943844,0.5208740299749796,[[ 109817 1334][ 23784 1351]],109817,1334,23784,1351
12,11,avg,0.8156964031521946,0.6625715579883997,0.5208740299749796,0.4972490194978158,0.06379590368943844,0.5208740299749796,,,,,
