client,round,class,accuracy,precision,recall,f1_score,cohen_kappa_score,roc_auc_score,confusion_matrix,TP,FP,FN,TN
13,10,awake,0.829241448131136,0.8824983677910773,0.9120655684609226,0.8970383938131011,0.3978536223069564,0.6875227384775271,[[ 11637 13498][ 9774 101377]],11637,13498,9774,101377
13,10,asleep,0.829241448131136,0.5435056746532156,0.4629799084941317,0.5000214841232329,0.3978536223069564,0.6875227384775271,[[ 101377 9774][ 13498 11637]],101377,9774,13498,11637
13,10,avg,0.829241448131136,0.7130020212221464,0.6875227384775271,0.698529938968167,0.3978536223069564,0.6875227384775271,,,,,
