client,round,class,accuracy,precision,recall,f1_score,cohen_kappa_score,roc_auc_score,confusion_matrix,TP,FP,FN,TN
7,7,awake,0.8279720587587867,0.8500958007344723,0.9580030768953945,0.9008294876295942,0.2694893139178146,0.6054785625177191,[[ 6358 18777][ 4668 106483]],6358,18777,4668,106483
7,7,asleep,0.8279720587587867,0.576637039724288,0.25295404814004374,0.3516495672132961,0.2694893139178146,0.6054785625177193,[[ 106483 4668][ 18777 6358]],106483,4668,18777,6358
7,7,avg,0.8279720587587867,0.7133664202293801,0.6054785625177191,0.6262395274214452,0.2694893139178146,0.6054785625177193,,,,,
