client,round,class,accuracy,precision,recall,f1_score,cohen_kappa_score,roc_auc_score,confusion_matrix,TP,FP,FN,TN
16,1,awake,0.8135685250135744,0.8458969042221021,0.9432483738337937,0.8919240814312573,0.22831149534669248,0.5916759076250726,[[ 6035 19100][ 6308 104843]],6035,19100,6308,104843
16,1,asleep,0.8135685250135744,0.4889411002187475,0.2401034414163517,0.3220556059554939,0.22831149534669248,0.5916759076250727,[[ 104843 6308][ 19100 6035]],104843,6308,19100,6035
16,1,avg,0.8135685250135744,0.6674190022204247,0.5916759076250727,0.6069898436933756,0.22831149534669248,0.5916759076250726,,,,,
