client,round,class,accuracy,precision,recall,f1_score,cohen_kappa_score,roc_auc_score,confusion_matrix,TP,FP,FN,TN
7,6,awake,0.8332330540187547,0.8546822729059534,0.9584889024840082,0.9036140490750714,0.300210812995482,0.6189102558968678,[[ 7021 18114][ 4614 106537]],7021,18114,4614,106537
7,6,asleep,0.8332330540187547,0.6034379028792437,0.27933160930972745,0.3818874082132173,0.300210812995482,0.6189102558968679,[[ 106537 4614][ 18114 7021]],106537,4614,18114,7021
7,6,avg,0.8332330540187547,0.7290600878925986,0.6189102558968678,0.6427507286441443,0.300210812995482,0.6189102558968678,,,,,
