client,round,class,accuracy,precision,recall,f1_score,cohen_kappa_score,roc_auc_score,confusion_matrix,TP,FP,FN,TN
7,11,awake,0.8242005781958528,0.8585905112851221,0.9391188563305773,0.8970510512317007,0.30390430914290245,0.6275661916425117,[[ 7943 17192][ 6767 104384]],7943,17192,6767,104384
7,11,asleep,0.8242005781958528,0.5399728076138681,0.316013526954446,0.39869494290375207,0.30390430914290245,0.6275661916425117,[[ 104384 6767][ 17192 7943]],104384,6767,17192,7943
7,11,avg,0.8242005781958528,0.699281659449495,0.6275661916425117,0.6478729970677264,0.30390430914290245,0.6275661916425117,,,,,
