client,round,class,accuracy,precision,recall,f1_score,cohen_kappa_score,roc_auc_score,confusion_matrix,TP,FP,FN,TN
6,24,awake,0.6561348927989669,0.8511837778190519,0.7009203695873182,0.7687783698440892,0.12211887756989426,0.5795033516924057,[[ 11514 13621][ 33243 77908]],11514,13621,33243,77908
6,24,asleep,0.6561348927989669,0.25725584824720155,0.45808633379749353,0.32947976878612717,0.12211887756989426,0.5795033516924057,[[ 77908 33243][ 13621 11514]],77908,33243,13621,11514
6,24,avg,0.6561348927989669,0.5542198130331267,0.5795033516924059,0.5491290693151082,0.12211887756989426,0.5795033516924057,,,,,
