client,round,class,accuracy,precision,recall,f1_score,cohen_kappa_score,roc_auc_score,confusion_matrix,TP,FP,FN,TN
16,3,awake,0.8188148452518967,0.8675310321373916,0.91802143030652,0.8920623680449008,0.3311016208363359,0.6490644251194426,[[ 9554 15581][ 9112 102039]],9554,15581,9112,102039
16,3,asleep,0.8188148452518967,0.51183970856102,0.38010741993236524,0.43624574781397685,0.3311016208363359,0.6490644251194426,[[ 102039 9112][ 15581 9554]],102039,9112,15581,9554
16,3,avg,0.8188148452518967,0.6896853703492059,0.6490644251194426,0.6641540579294388,0.3311016208363359,0.6490644251194426,,,,,
