client,round,class,accuracy,precision,recall,f1_score,cohen_kappa_score,roc_auc_score,confusion_matrix,TP,FP,FN,TN
11,11,awake,0.836043320663898,0.8700003333111126,0.9393257820442461,0.9033349339632029,0.3689413130942829,0.659318749386953,[[ 9534 15601][ 6744 104407]],9534,15601,6744,104407
11,11,asleep,0.836043320663898,0.5856984887578327,0.37931171672965985,0.4604351290657524,0.3689413130942829,0.659318749386953,[[ 104407 6744][ 15601 9534]],104407,6744,15601,9534
11,11,avg,0.836043320663898,0.7278494110344726,0.659318749386953,0.6818850315144777,0.3689413130942829,0.659318749386953,,,,,
