client,round,class,accuracy,precision,recall,f1_score,cohen_kappa_score,roc_auc_score,confusion_matrix,TP,FP,FN,TN
8,29,awake,0.8061136140175806,0.8397914577902547,0.9419708324711429,0.8879512861177308,0.18603231490582106,0.5736510219646345,[[ 5161 19974][ 6450 104701]],5161,19974,6450,104701
8,29,asleep,0.8061136140175806,0.44449229179226596,0.2053312114581261,0.28090132259293527,0.18603231490582106,0.5736510219646345,[[ 104701 6450][ 19974 5161]],104701,6450,19974,5161
8,29,avg,0.8061136140175806,0.6421418747912603,0.5736510219646345,0.584426304355333,0.18603231490582106,0.5736510219646345,,,,,
