client,round,class,accuracy,precision,recall,f1_score,cohen_kappa_score,roc_auc_score,confusion_matrix,TP,FP,FN,TN
18,3,awake,0.8188515328060109,0.8195965076994729,0.9974359205045389,0.8998133268403539,0.04224223696105489,0.5132793288617781,[[ 732 24403][ 285 110866]],732,24403,285,110866
18,3,asleep,0.8188515328060109,0.7197640117994101,0.029122737219017307,0.0559804221474457,0.04224223696105489,0.5132793288617781,[[ 110866 285][ 24403 732]],110866,285,24403,732
18,3,avg,0.8188515328060109,0.7696802597494414,0.5132793288617781,0.4778968744938998,0.04224223696105489,0.5132793288617781,,,,,
