client,round,class,accuracy,precision,recall,f1_score,cohen_kappa_score,roc_auc_score,confusion_matrix,TP,FP,FN,TN
6,3,awake,0.7655004916132251,0.8651554834187908,0.8440229957445277,0.854458597275795,0.2517619339474666,0.6311421921233082,[[ 10513 14622][ 17337 93814]],10513,14622,17337,93814
6,3,asleep,0.7655004916132251,0.37748653500897666,0.4182613885020887,0.396829291308861,0.2517619339474666,0.6311421921233082,[[ 93814 17337][ 14622 10513]],93814,17337,14622,10513
6,3,avg,0.7655004916132251,0.6213210092138837,0.6311421921233082,0.6256439442923281,0.2517619339474666,0.6311421921233082,,,,,
