client,round,class,accuracy,precision,recall,f1_score,cohen_kappa_score,roc_auc_score,confusion_matrix,TP,FP,FN,TN
4,5,awake,0.8066492523076472,0.875241163247606,0.889753578465331,0.882437707733833,0.33850610238347767,0.664451088019218,[[ 11038 14097][ 12254 98897]],11038,14097,12254,98897
4,5,asleep,0.8066492523076472,0.47389661686415935,0.43914859757310526,0.4558613996324365,0.33850610238347767,0.6644510880192182,[[ 98897 12254][ 14097 11038]],98897,12254,14097,11038
4,5,avg,0.8066492523076472,0.6745688900558827,0.6644510880192182,0.6691495536831348,0.33850610238347767,0.664451088019218,,,,,
