client,round,class,accuracy,precision,recall,f1_score,cohen_kappa_score,roc_auc_score,confusion_matrix,TP,FP,FN,TN
6,1,awake,0.8088431680436728,0.8213732732120334,0.9783897580768504,0.8930322315746254,0.055685079608820076,0.5187353604388628,[[ 1485 23650][ 2402 108749]],1485,23650,2402,108749
6,1,asleep,0.8088431680436728,0.38204270645742217,0.05908096280087528,0.1023361587761009,0.055685079608820076,0.5187353604388628,[[ 108749 2402][ 23650 1485]],108749,2402,23650,1485
6,1,avg,0.8088431680436728,0.6017079898347277,0.5187353604388628,0.49768419517536316,0.055685079608820076,0.5187353604388628,,,,,
