client,round,class,accuracy,precision,recall,f1_score,cohen_kappa_score,roc_auc_score,confusion_matrix,TP,FP,FN,TN
14,13,awake,0.827018182351819,0.8586593276980539,0.9431494093620391,0.8989234218977101,0.3085693729501827,0.6283083430339139,[[ 7879 17256][ 6319 104832]],7879,17256,6319,104832
14,13,asleep,0.827018182351819,0.5549373151148049,0.3134672767057887,0.4006305138179137,0.3085693729501827,0.6283083430339139,[[ 104832 6319][ 17256 7879]],104832,6319,17256,7879
14,13,avg,0.827018182351819,0.7067983214064294,0.6283083430339139,0.6497769678578119,0.3085693729501827,0.6283083430339139,,,,,
