client,round,class,accuracy,precision,recall,f1_score,cohen_kappa_score,roc_auc_score,confusion_matrix,TP,FP,FN,TN
8,7,awake,0.8003903555757744,0.8404590988360303,0.9322093368480715,0.88395980139569,0.1840552921473474,0.5748375110737275,[[ 5466 19669][ 7535 103616]],5466,19669,7535,103616
8,7,asleep,0.8003903555757744,0.42042919775401894,0.21746568529938334,0.2866582756450598,0.1840552921473474,0.5748375110737274,[[ 103616 7535][ 19669 5466]],103616,7535,19669,5466
8,7,avg,0.8003903555757744,0.6304441482950246,0.5748375110737274,0.5853090385203749,0.1840552921473474,0.5748375110737274,,,,,
