client,round,class,accuracy,precision,recall,f1_score,cohen_kappa_score,roc_auc_score,confusion_matrix,TP,FP,FN,TN
12,17,awake,0.8168263798189103,0.8245896823663219,0.9849214132126567,0.8976524512738095,0.08752367210962475,0.5292023019912498,[[ 1847 23288][ 1676 109475]],1847,23288,1676,109475
12,17,asleep,0.8168263798189103,0.5242690888447346,0.07348319076984285,0.12889943471282014,0.08752367210962475,0.5292023019912497,[[ 109475 1676][ 23288 1847]],109475,1676,23288,1847
12,17,avg,0.8168263798189103,0.6744293856055282,0.5292023019912497,0.5132759429933148,0.08752367210962475,0.5292023019912497,,,,,
