client,round,class,accuracy,precision,recall,f1_score,cohen_kappa_score,roc_auc_score,confusion_matrix,TP,FP,FN,TN
12,19,awake,0.8167236546673906,0.8268809128221468,0.980575973225612,0.897193799853475,0.10663211614505708,0.5363592020494481,[[ 2316 22819][ 2159 108992]],2316,22819,2159,108992
12,19,asleep,0.8167236546673906,0.5175418994413408,0.09214243087328426,0.15643363728470114,0.10663211614505708,0.5363592020494481,[[ 108992 2159][ 22819 2316]],108992,2159,22819,2316
12,19,avg,0.8167236546673906,0.6722114061317438,0.5363592020494481,0.5268137185690881,0.10663211614505708,0.5363592020494481,,,,,
