client,round,class,accuracy,precision,recall,f1_score,cohen_kappa_score,roc_auc_score,confusion_matrix,TP,FP,FN,TN
8,21,awake,0.8003169804675462,0.8431181784736133,0.9278009194699103,0.8834348470441091,0.19847325209829736,0.5821817408171115,[[ 5946 19189][ 8025 103126]],5946,19189,8025,103126
8,21,asleep,0.8003169804675462,0.42559587717414643,0.2365625621643127,0.30409655807292996,0.19847325209829736,0.5821817408171114,[[ 103126 8025][ 19189 5946]],103126,8025,19189,5946
8,21,avg,0.8003169804675462,0.6343570278238798,0.5821817408171115,0.5937657025585196,0.19847325209829736,0.5821817408171115,,,,,
