client,round,class,accuracy,precision,recall,f1_score,cohen_kappa_score,roc_auc_score,confusion_matrix,TP,FP,FN,TN
9,5,awake,0.8375768604258691,0.8659704806150557,0.9474948493490837,0.9049002002010602,0.3564087993982611,0.6494983695720951,[[ 8835 16300][ 5836 105315]],8835,16300,5836,105315
9,5,asleep,0.8375768604258691,0.6022084384159225,0.35150188979510644,0.44390292920665225,0.3564087993982611,0.6494983695720951,[[ 105315 5836][ 16300 8835]],105315,5836,16300,8835
9,5,avg,0.8375768604258691,0.7340894595154891,0.6494983695720951,0.6744015647038563,0.3564087993982611,0.6494983695720951,,,,,
