client,round,class,accuracy,precision,recall,f1_score,cohen_kappa_score,roc_auc_score,confusion_matrix,TP,FP,FN,TN
14,5,awake,0.8334605168542624,0.8567614223025297,0.9555559554120071,0.9034659044994238,0.31031912591271793,0.6245454334450129,[[ 7378 17757][ 4940 106211]],7378,17757,4940,106211
14,5,asleep,0.8334605168542624,0.5989608702711479,0.2935349114780187,0.39398713053693957,0.31031912591271793,0.6245454334450129,[[ 106211 4940][ 17757 7378]],106211,4940,17757,7378
14,5,avg,0.8334605168542624,0.7278611462868387,0.6245454334450129,0.6487265175181817,0.31031912591271793,0.6245454334450129,,,,,
