client,round,class,accuracy,precision,recall,f1_score,cohen_kappa_score,roc_auc_score,confusion_matrix,TP,FP,FN,TN
12,24,awake,0.8193798335852546,0.829047934110561,0.9807739021691213,0.8985509635515405,0.1258544452142204,0.5432216437441986,[[ 2656 22479][ 2137 109014]],2656,22479,2137,109014
12,24,asleep,0.8193798335852546,0.5541414562904236,0.10566938531927592,0.17749264902432504,0.1258544452142204,0.5432216437441986,[[ 109014 2137][ 22479 2656]],109014,2137,22479,2656
12,24,avg,0.8193798335852546,0.6915946952004923,0.5432216437441986,0.5380218062879327,0.1258544452142204,0.5432216437441986,,,,,
