client,round,class,accuracy,precision,recall,f1_score,cohen_kappa_score,roc_auc_score,confusion_matrix,TP,FP,FN,TN
0,9,awake,0.8227624260745785,0.8735914525216435,0.9150974800046783,0.8938628983711437,0.3587006913114561,0.6647697465668906,[[ 10417 14718][ 9437 101714]],10417,14718,9437,101714
0,9,asleep,0.8227624260745785,0.5246801652060038,0.41444201312910284,0.463090977794572,0.3587006913114561,0.6647697465668906,[[ 101714 9437][ 14718 10417]],101714,9437,14718,10417
0,9,avg,0.8227624260745785,0.6991358088638236,0.6647697465668906,0.6784769380828579,0.3587006913114561,0.6647697465668906,,,,,
