client,round,class,accuracy,precision,recall,f1_score,cohen_kappa_score,roc_auc_score,confusion_matrix,TP,FP,FN,TN
7,24,awake,0.8195485963341796,0.8565109229299153,0.9354571708756556,0.8942450343371448,0.28783492842193903,0.6212197332396977,[[ 7716 17419][ 7174 103977]],7716,17419,7174,103977
7,24,asleep,0.8195485963341796,0.5182001343183344,0.3069822956037398,0.3855590256089944,0.28783492842193903,0.6212197332396977,[[ 103977 7174][ 17419 7716]],103977,7174,17419,7716
7,24,avg,0.8195485963341796,0.6873555286241249,0.6212197332396977,0.6399020299730696,0.28783492842193903,0.6212197332396977,,,,,
