client,round,class,accuracy,precision,recall,f1_score,cohen_kappa_score,roc_auc_score,confusion_matrix,TP,FP,FN,TN
15,17,awake,0.5546277680759579,0.8038129418424,0.6004714307563584,0.6874201787994891,-0.03324053161675433,0.4761855860764087,[[ 8845 16290][ 44408 66743]],8845,16290,44408,66743
15,17,asleep,0.5546277680759579,0.1660939289805269,0.35189974139645913,0.2256722967801194,-0.03324053161675433,0.4761855860764088,[[ 66743 44408][ 16290 8845]],66743,44408,16290,8845
15,17,avg,0.5546277680759579,0.48495343541146346,0.4761855860764088,0.4565462377898043,-0.03324053161675433,0.47618558607640876,,,,,
