client,round,class,accuracy,precision,recall,f1_score,cohen_kappa_score,roc_auc_score,confusion_matrix,TP,FP,FN,TN
2,11,awake,0.8336146045815418,0.9069799534485773,0.8869555829457225,0.8968560096066373,0.4670441368914007,0.742343914409006,[[ 15024 10111][ 12565 98586]],15024,10111,12565,98586
2,11,asleep,0.8336146045815418,0.5445648628076407,0.5977322458722897,0.5699112358698126,0.4670441368914007,0.7423439144090062,[[ 98586 12565][ 10111 15024]],98586,12565,10111,15024
2,11,avg,0.8336146045815418,0.725772408128109,0.742343914409006,0.7333836227382249,0.4670441368914007,0.742343914409006,,,,,
