client,round,class,accuracy,precision,recall,f1_score,cohen_kappa_score,roc_auc_score,confusion_matrix,TP,FP,FN,TN
16,7,awake,0.8078305915501225,0.8704490158973778,0.8980306070120827,0.8840247272211987,0.32458048808982687,0.6534911340212592,[[ 10279 14856][ 11334 99817]],10279,14856,11334,99817
16,7,asleep,0.8078305915501225,0.4755933928654051,0.4089516610304356,0.43976212886112775,0.32458048808982687,0.6534911340212591,[[ 99817 11334][ 14856 10279]],99817,11334,14856,10279
16,7,avg,0.8078305915501225,0.6730212043813915,0.6534911340212591,0.6618934280411632,0.32458048808982687,0.6534911340212592,,,,,
