client,round,class,accuracy,precision,recall,f1_score,cohen_kappa_score,roc_auc_score,confusion_matrix,TP,FP,FN,TN
12,14,awake,0.816107303758273,0.8269144597437513,0.9795593381975871,0.8967877440079072,0.106491851973882,0.5364277693573971,[[ 2345 22790][ 2272 108879]],2345,22790,2272,108879
12,14,asleep,0.816107303758273,0.5079055663850985,0.09329620051720708,0.1576364614143587,0.106491851973882,0.5364277693573971,[[ 108879 2272][ 22790 2345]],108879,2272,22790,2345
12,14,avg,0.816107303758273,0.6674100130644249,0.5364277693573971,0.527212102711133,0.106491851973882,0.5364277693573971,,,,,
