client,round,class,accuracy,precision,recall,f1_score,cohen_kappa_score,roc_auc_score,confusion_matrix,TP,FP,FN,TN
3,3,awake,0.824149215620093,0.8537289937275331,0.9465591852524944,0.8977507380923938,0.28182699646945053,0.6146959443270628,[[ 7109 18026][ 5940 105211]],7109,18026,5940,105211
3,3,asleep,0.824149215620093,0.5447927044217947,0.2828327034016312,0.3723549130525874,0.28182699646945053,0.6146959443270628,[[ 105211 5940][ 18026 7109]],105211,5940,18026,7109
3,3,avg,0.824149215620093,0.6992608490746639,0.6146959443270628,0.6350528255724905,0.28182699646945053,0.6146959443270628,,,,,
