client,round,class,accuracy,precision,recall,f1_score,cohen_kappa_score,roc_auc_score,confusion_matrix,TP,FP,FN,TN
4,20,awake,0.8235768897759124,0.845720318465776,0.9585428831049653,0.8986041411883776,0.2400805202732229,0.5926392553579332,[[ 5699 19436][ 4608 106543]],5699,19436,4608,106543
4,20,asleep,0.8235768897759124,0.5529251964684195,0.22673562761090113,0.3215958467355115,0.2400805202732229,0.5926392553579332,[[ 106543 4608][ 19436 5699]],106543,4608,19436,5699
4,20,avg,0.8235768897759124,0.6993227574670977,0.5926392553579332,0.6100999939619446,0.2400805202732229,0.5926392553579332,,,,,
