client,round,class,accuracy,precision,recall,f1_score,cohen_kappa_score,roc_auc_score,confusion_matrix,TP,FP,FN,TN
17,26,awake,0.8069354152297374,0.8315240752463795,0.9572203578915169,0.889955835117773,0.13431186251359994,0.5497858304277556,[[ 3578 21557][ 4755 106396]],3578,21557,4755,106396
17,26,asleep,0.8069354152297374,0.42937717508700346,0.14235130296399442,0.21381618262220628,0.13431186251359994,0.5497858304277558,[[ 106396 4755][ 21557 3578]],106396,4755,21557,3578
17,26,avg,0.8069354152297374,0.6304506251666915,0.5497858304277556,0.5518860088699896,0.13431186251359994,0.5497858304277556,,,,,
