client,round,class,accuracy,precision,recall,f1_score,cohen_kappa_score,roc_auc_score,confusion_matrix,TP,FP,FN,TN
6,7,awake,0.7347416462439282,0.8741021548284118,0.7882970013765058,0.8289851507396248,0.24504845637270423,0.6431041402347021,[[ 12515 12620][ 23531 87620]],12515,12620,23531,87620
6,7,asleep,0.7347416462439282,0.3471952505132331,0.49791127909289834,0.40911394060247463,0.24504845637270423,0.6431041402347021,[[ 87620 23531][ 12620 12515]],87620,23531,12620,12515
6,7,avg,0.7347416462439282,0.6106487026708225,0.6431041402347021,0.6190495456710496,0.24504845637270423,0.6431041402347021,,,,,
