client,round,class,accuracy,precision,recall,f1_score,cohen_kappa_score,roc_auc_score,confusion_matrix,TP,FP,FN,TN
11,9,awake,0.8346418560967377,0.8629352642917407,0.9477917427643476,0.9033751800782054,0.33912781265593306,0.6410333291104412,[[ 8402 16733][ 5803 105348]],8402,16733,5803,105348
11,9,asleep,0.8346418560967377,0.5914818725800775,0.3342749154565347,0.4271479410269446,0.33912781265593306,0.6410333291104412,[[ 105348 5803][ 16733 8402]],105348,5803,16733,8402
11,9,avg,0.8346418560967377,0.7272085684359091,0.6410333291104412,0.665261560552575,0.33912781265593306,0.6410333291104412,,,,,
