client,round,class,accuracy,precision,recall,f1_score,cohen_kappa_score,roc_auc_score,confusion_matrix,TP,FP,FN,TN
11,19,awake,0.8347445812482573,0.8692351916811785,0.9385700533508471,0.9025730204872647,0.36384049579244415,0.6570908750939635,[[ 9441 15694][ 6828 104323]],9441,15694,6828,104323
11,19,asleep,0.8347445812482573,0.5803061036326757,0.3756116968370798,0.4560428944063375,0.36384049579244415,0.6570908750939634,[[ 104323 6828][ 15694 9441]],104323,6828,15694,9441
11,19,avg,0.8347445812482573,0.7247706476569271,0.6570908750939635,0.6793079574468011,0.36384049579244415,0.6570908750939635,,,,,
