client,round,class,accuracy,precision,recall,f1_score,cohen_kappa_score,roc_auc_score,confusion_matrix,TP,FP,FN,TN
1,13,awake,0.7025960113291168,0.8279022686960802,0.8020710564907199,0.8147819808622061,0.06148971334296105,0.5323862344319523,[[ 6603 18532][ 22000 89151]],6603,18532,22000,89151
1,13,asleep,0.7025960113291168,0.2308499108485124,0.2627014123731848,0.24574788790055455,0.06148971334296105,0.5323862344319523,[[ 89151 22000][ 18532 6603]],89151,22000,18532,6603
1,13,avg,0.7025960113291168,0.5293760897722963,0.5323862344319523,0.5302649343813803,0.06148971334296105,0.5323862344319523,,,,,
