client,round,class,accuracy,precision,recall,f1_score,cohen_kappa_score,roc_auc_score,confusion_matrix,TP,FP,FN,TN
1,17,awake,0.6861453120643353,0.8348170128585559,0.7669206754775035,0.7994298093424989,0.08415330860446124,0.5479321897379561,[[ 8268 16867][ 25907 85244]],8268,16867,25907,85244
1,17,asleep,0.6861453120643353,0.2419312362838332,0.3289437039984086,0.2788062721294891,0.08415330860446124,0.5479321897379561,[[ 85244 25907][ 16867 8268]],85244,25907,16867,8268
1,17,avg,0.6861453120643353,0.5383741245711946,0.5479321897379561,0.539118040735994,0.08415330860446124,0.5479321897379561,,,,,
