client,round,class,accuracy,precision,recall,f1_score,cohen_kappa_score,roc_auc_score,confusion_matrix,TP,FP,FN,TN
9,4,awake,0.8349280190188281,0.8764565003227232,0.9284756772318737,0.901716477573078,0.38925159476353466,0.6748604763720538,[[ 10588 14547][ 7950 103201]],10588,14547,7950,103201
9,4,asleep,0.8349280190188281,0.5711511489912612,0.42124527551223395,0.4848762393240675,0.38925159476353466,0.6748604763720538,[[ 103201 7950][ 14547 10588]],103201,7950,14547,10588
9,4,avg,0.8349280190188281,0.7238038246569922,0.6748604763720538,0.6932963584485727,0.38925159476353466,0.6748604763720538,,,,,
