client,round,class,accuracy,precision,recall,f1_score,cohen_kappa_score,roc_auc_score,confusion_matrix,TP,FP,FN,TN
7,18,awake,0.8240611654902191,0.8517224405477595,0.9495910967962502,0.8979980772012217,0.2720223633548079,0.6092693896553362,[[ 6760 18375][ 5603 105548]],6760,18375,5603,105548
7,18,asleep,0.8240611654902191,0.5467928496319664,0.26894768251442214,0.3605525628033496,0.2720223633548079,0.6092693896553362,[[ 105548 5603][ 18375 6760]],105548,5603,18375,6760
7,18,avg,0.8240611654902191,0.6992576450898629,0.6092693896553362,0.6292753200022856,0.2720223633548079,0.6092693896553362,,,,,
