client,round,class,accuracy,precision,recall,f1_score,cohen_kappa_score,roc_auc_score,confusion_matrix,TP,FP,FN,TN
16,12,awake,0.811103121377104,0.8664184035077181,0.9084488668567984,0.8869359754758579,0.31524016084478546,0.644536746935461,[[ 9567 15568][ 10176 100975]],9567,15568,10176,100975
16,12,asleep,0.811103121377104,0.4845768120346452,0.38062462701412375,0.42635589821293285,0.31524016084478546,0.6445367469354611,[[ 100975 10176][ 15568 9567]],100975,10176,15568,9567
16,12,avg,0.811103121377104,0.6754976077711816,0.644536746935461,0.6566459368443953,0.31524016084478546,0.644536746935461,,,,,
