client,round,class,accuracy,precision,recall,f1_score,cohen_kappa_score,roc_auc_score,confusion_matrix,TP,FP,FN,TN
10,28,awake,0.7779669225012107,0.9188509056263786,0.7982564259430864,0.8543189192832451,0.3972820712034515,0.7432499555615572,[[ 17299 7836][ 22424 88727]],17299,7836,22424,88727
10,28,asleep,0.7779669225012107,0.43549077360723004,0.6882434851800279,0.5334422893089519,0.3972820712034515,0.7432499555615572,[[ 88727 22424][ 7836 17299]],88727,22424,7836,17299
10,28,avg,0.7779669225012107,0.6771708396168044,0.7432499555615572,0.6938806042960985,0.3972820712034515,0.7432499555615572,,,,,
