client,round,class,accuracy,precision,recall,f1_score,cohen_kappa_score,roc_auc_score,confusion_matrix,TP,FP,FN,TN
10,10,awake,0.774400892241316,0.9279730031829844,0.7842574515748846,0.8500838664378217,0.40717218982499104,0.7575355290498255,[[ 18369 6766][ 23980 87171]],18369,6766,23980,87171
10,10,asleep,0.774400892241316,0.43375286311365086,0.7308136065247662,0.5443957086124119,0.40717218982499104,0.7575355290498254,[[ 87171 23980][ 6766 18369]],87171,23980,6766,18369
10,10,avg,0.774400892241316,0.6808629331483176,0.7575355290498254,0.6972397875251168,0.40717218982499104,0.7575355290498254,,,,,
