client,round,class,accuracy,precision,recall,f1_score,cohen_kappa_score,roc_auc_score,confusion_matrix,TP,FP,FN,TN
3,13,awake,0.833005591183247,0.8736494141120373,0.9296992379735675,0.9008032846190391,0.37643337118558395,0.6675550098759819,[[ 10190 14945][ 7814 103337]],10190,14945,7814,103337
3,13,asleep,0.833005591183247,0.5659853365918684,0.4054107817783967,0.4724263427524978,0.37643337118558395,0.6675550098759822,[[ 103337 7814][ 14945 10190]],103337,7814,14945,10190
3,13,avg,0.833005591183247,0.7198173753519529,0.667555009875982,0.6866148136857685,0.37643337118558395,0.667555009875982,,,,,
