client,round,class,accuracy,precision,recall,f1_score,cohen_kappa_score,roc_auc_score,confusion_matrix,TP,FP,FN,TN
8,9,awake,0.8068180150565722,0.8532201780613137,0.9216921125316011,0.8861354023406077,0.255619098491223,0.6102592251538053,[[ 7511 17624][ 8704 102447]],7511,17624,8704,102447
8,9,asleep,0.8068180150565722,0.4632130743139069,0.29882633777600953,0.36328899637243045,0.255619098491223,0.6102592251538053,[[ 102447 8704][ 17624 7511]],102447,8704,17624,7511
8,9,avg,0.8068180150565722,0.6582166261876103,0.6102592251538053,0.6247121993565191,0.255619098491223,0.6102592251538053,,,,,
