client,round,class,accuracy,precision,recall,f1_score,cohen_kappa_score,roc_auc_score,confusion_matrix,TP,FP,FN,TN
13,23,awake,0.8108389709874823,0.8911686812129432,0.8749089077021349,0.882963944904982,0.39023735902306433,0.7012101729678368,[[ 13259 11876][ 13904 97247]],13259,11876,13904,97247
13,23,asleep,0.8108389709874823,0.48812723189632956,0.5275114382335389,0.5070557191479597,0.39023735902306433,0.7012101729678368,[[ 97247 13904][ 11876 13259]],97247,13904,11876,13259
13,23,avg,0.8108389709874823,0.6896479565546364,0.7012101729678368,0.6950098320264708,0.39023735902306433,0.7012101729678368,,,,,
