client,round,class,accuracy,precision,recall,f1_score,cohen_kappa_score,roc_auc_score,confusion_matrix,TP,FP,FN,TN
11,29,awake,0.8358011828067446,0.8579181214872634,0.9571933675810385,0.9048408770049838,0.31942504915005365,0.6280894229987946,[[ 7515 17620][ 4758 106393]],7515,17620,4758,106393
11,29,asleep,0.8358011828067446,0.612319726228306,0.29898547841655065,0.40178571428571425,0.31942504915005365,0.6280894229987946,[[ 106393 4758][ 17620 7515]],106393,4758,17620,7515
11,29,avg,0.8358011828067446,0.7351189238577847,0.6280894229987946,0.653313295645349,0.31942504915005365,0.6280894229987946,,,,,
