client,round,class,accuracy,precision,recall,f1_score,cohen_kappa_score,roc_auc_score,confusion_matrix,TP,FP,FN,TN
8,13,awake,0.8099878197320342,0.8417718981759872,0.944570899047242,0.8902135020095305,0.20152068865233896,0.5797053818888488,[[ 5400 19735][ 6161 104990]],5400,19735,6161,104990
8,13,asleep,0.8099878197320342,0.4670876221780123,0.21483986473045555,0.2943100065402224,0.20152068865233896,0.5797053818888488,[[ 104990 6161][ 19735 5400]],104990,6161,19735,5400
8,13,avg,0.8099878197320342,0.6544297601769997,0.5797053818888488,0.5922617542748765,0.20152068865233896,0.5797053818888488,,,,,
