client,round,class,accuracy,precision,recall,f1_score,cohen_kappa_score,roc_auc_score,confusion_matrix,TP,FP,FN,TN
7,10,awake,0.8221680876979294,0.8634755480466039,0.9288085577277757,0.8949512812510837,0.320946827596173,0.6396976944198854,[[ 8812 16323][ 7913 103238]],8812,16323,7913,103238
7,10,asleep,0.8221680876979294,0.5268759342301943,0.35058683111199523,0.4210224558050644,0.320946827596173,0.6396976944198854,[[ 103238 7913][ 16323 8812]],103238,7913,16323,8812
7,10,avg,0.8221680876979294,0.6951757411383991,0.6396976944198854,0.6579868685280741,0.320946827596173,0.6396976944198854,,,,,
