client,round,class,accuracy,precision,recall,f1_score,cohen_kappa_score,roc_auc_score,confusion_matrix,TP,FP,FN,TN
9,17,awake,0.8378263357938452,0.8718586879358583,0.9391908304918535,0.9042731044758019,0.3788267077964469,0.6643835592682064,[[ 9792 15343][ 6759 104392]],9792,15343,6759,104392
9,17,asleep,0.8378263357938452,0.5916258836324089,0.3895762880445594,0.46979801372163316,0.3788267077964469,0.6643835592682065,[[ 104392 6759][ 15343 9792]],104392,6759,15343,9792
9,17,avg,0.8378263357938452,0.7317422857841336,0.6643835592682065,0.6870355590987175,0.3788267077964469,0.6643835592682064,,,,,
