client,round,class,accuracy,precision,recall,f1_score,cohen_kappa_score,roc_auc_score,confusion_matrix,TP,FP,FN,TN
9,12,awake,0.8365936339756102,0.8746490865712913,0.9334149040494463,0.9030769900335116,0.3862546826941192,0.6709246789990617,[[ 10266 14869][ 7401 103750]],10266,14869,7401,103750
9,12,asleep,0.8365936339756102,0.5810833757853625,0.40843445394867717,0.47969721041072844,0.3862546826941192,0.6709246789990617,[[ 103750 7401][ 14869 10266]],103750,7401,14869,10266
9,12,avg,0.8365936339756102,0.7278662311783268,0.6709246789990617,0.69138710022212,0.3862546826941192,0.6709246789990617,,,,,
