client,round,class,accuracy,precision,recall,f1_score,cohen_kappa_score,roc_auc_score,confusion_matrix,TP,FP,FN,TN
14,2,awake,0.8163347665937807,0.8251283600120809,0.9831670430315517,0.897241687911294,0.09184176051830484,0.5308713671493545,[[ 1975 23160][ 1871 109280]],1975,23160,1871,109280
14,2,asleep,0.8163347665937807,0.5135205408216329,0.07857569126715735,0.13629619405817606,0.09184176051830484,0.5308713671493546,[[ 109280 1871][ 23160 1975]],109280,1871,23160,1975
14,2,avg,0.8163347665937807,0.669324450416857,0.5308713671493546,0.516768940984735,0.09184176051830484,0.5308713671493546,,,,,
