client,round,class,accuracy,precision,recall,f1_score,cohen_kappa_score,roc_auc_score,confusion_matrix,TP,FP,FN,TN
11,20,awake,0.8315674390619726,0.8736105462925309,0.9276929582279961,0.8998398659586444,0.37377049710884136,0.6670889696650225,[[ 10217 14918][ 8037 103114]],10217,14918,8037,103114
11,20,asleep,0.8315674390619726,0.5597129396296702,0.40648498110204895,0.4709488580054853,0.37377049710884136,0.6670889696650225,[[ 103114 8037][ 14918 10217]],103114,8037,14918,10217
11,20,avg,0.8315674390619726,0.7166617429611005,0.6670889696650225,0.6853943619820648,0.37377049710884136,0.6670889696650225,,,,,
