client,round,class,accuracy,precision,recall,f1_score,cohen_kappa_score,roc_auc_score,confusion_matrix,TP,FP,FN,TN
13,25,awake,0.818374594602527,0.899894469849851,0.874594020746552,0.8870638798779069,0.4239618270648309,0.7221786495218735,[[ 14321 10814][ 13939 97212]],14321,10814,13939,97212
13,25,asleep,0.818374594602527,0.506758669497523,0.5697632782971952,0.5364172675344133,0.4239618270648309,0.7221786495218736,[[ 97212 13939][ 10814 14321]],97212,13939,10814,14321
13,25,avg,0.818374594602527,0.703326569673687,0.7221786495218736,0.7117405737061602,0.4239618270648309,0.7221786495218736,,,,,
