client,round,class,accuracy,precision,recall,f1_score,cohen_kappa_score,roc_auc_score,confusion_matrix,TP,FP,FN,TN
17,13,awake,0.8159752285634622,0.8276773137396733,0.9779759066495128,0.8965713484489826,0.11251996424650113,0.5387790812340463,[[ 2503 22632][ 2448 108703]],2503,22632,2448,108703
17,13,asleep,0.8159752285634622,0.5055544334477883,0.09958225581857967,0.1663896829089942,0.11251996424650113,0.5387790812340463,[[ 108703 2448][ 22632 2503]],108703,2448,22632,2503
17,13,avg,0.8159752285634622,0.6666158735937309,0.5387790812340463,0.5314805156789884,0.11251996424650113,0.5387790812340463,,,,,
