client,round,class,accuracy,precision,recall,f1_score,cohen_kappa_score,roc_auc_score,confusion_matrix,TP,FP,FN,TN
18,24,awake,0.8203703975463363,0.827570828167992,0.9849753938336138,0.8994384722501777,0.1147964628639383,0.5387180529939901,[[ 2324 22811][ 1670 109481]],2324,22811,1670,109481
18,24,asleep,0.8203703975463363,0.5818728092138208,0.09246071215436642,0.1595660681794775,0.1147964628639383,0.53871805299399,[[ 109481 1670][ 22811 2324]],109481,1670,22811,2324
18,24,avg,0.8203703975463363,0.7047218186909063,0.5387180529939901,0.5295022702148275,0.1147964628639383,0.5387180529939901,,,,,
