client,round,class,accuracy,precision,recall,f1_score,cohen_kappa_score,roc_auc_score,confusion_matrix,TP,FP,FN,TN
15,4,awake,0.5614076280762514,0.7940836395690948,0.6240519653444413,0.6988745705332944,-0.06701180247021776,0.45421814499567403,[[ 7148 17987][ 41787 69364]],7148,17987,41787,69364
15,4,asleep,0.5614076280762514,0.14607131909676102,0.2843843246469067,0.19300661536384503,-0.06701180247021776,0.45421814499567403,[[ 69364 41787][ 17987 7148]],69364,41787,17987,7148
15,4,avg,0.5614076280762514,0.47007747933292787,0.45421814499567403,0.4459405929485697,-0.06701180247021776,0.45421814499567403,,,,,
