client,round,class,accuracy,precision,recall,f1_score,cohen_kappa_score,roc_auc_score,confusion_matrix,TP,FP,FN,TN
14,25,awake,0.8246408288452225,0.8596063173860002,0.9382191793146261,0.8971940103326493,0.30894222700069907,0.6302991659453575,[[ 8103 17032][ 6867 104284]],8103,17032,6867,104284
14,25,asleep,0.8246408288452225,0.5412825651302605,0.3223791525760891,0.4040892656775963,0.30894222700069907,0.6302991659453575,[[ 104284 6867][ 17032 8103]],104284,6867,17032,8103
14,25,avg,0.8246408288452225,0.7004444412581303,0.6302991659453576,0.6506416380051228,0.30894222700069907,0.6302991659453575,,,,,
