client,round,class,accuracy,precision,recall,f1_score,cohen_kappa_score,roc_auc_score,confusion_matrix,TP,FP,FN,TN
5,2,awake,0.7888264385189968,0.8417515122849817,0.9126503585212908,0.8757683541681055,0.17982386681248097,0.5769537847907826,[[ 6064 19071][ 9709 101442]],6064,19071,9709,101442
5,2,asleep,0.7888264385189968,0.3844544474735307,0.2412572110602745,0.29647012809230466,0.17982386681248097,0.5769537847907826,[[ 101442 9709][ 19071 6064]],101442,9709,19071,6064
5,2,avg,0.7888264385189968,0.6131029798792562,0.5769537847907826,0.5861192411302051,0.17982386681248097,0.5769537847907826,,,,,
