client,round,class,accuracy,precision,recall,f1_score,cohen_kappa_score,roc_auc_score,confusion_matrix,TP,FP,FN,TN
15,5,awake,0.5596759755220639,0.8028639448530718,0.6098460652625708,0.6931690356887207,-0.03708338313321069,0.4738309299855722,[[ 8491 16644][ 43366 67785]],8491,16644,43366,67785
15,5,asleep,0.5596759755220639,0.16373874308193687,0.3378157947085737,0.22056837073981708,-0.03708338313321069,0.47383092998557225,[[ 67785 43366][ 16644 8491]],67785,43366,16644,8491
15,5,avg,0.5596759755220639,0.48330134396750435,0.47383092998557225,0.45686870321426887,-0.03708338313321069,0.4738309299855722,,,,,
