client,round,class,accuracy,precision,recall,f1_score,cohen_kappa_score,roc_auc_score,confusion_matrix,TP,FP,FN,TN
7,20,awake,0.8234301395594559,0.8553846153846154,0.9429154933378917,0.8970198052003628,0.2884717991529936,0.6189811204505253,[[ 7416 17719][ 6345 104806]],7416,17719,6345,104806
7,20,asleep,0.8234301395594559,0.538914323086985,0.29504674756315896,0.38132455779514607,0.2884717991529936,0.6189811204505253,[[ 104806 6345][ 17719 7416]],104806,6345,17719,7416
7,20,avg,0.8234301395594559,0.6971494692358002,0.6189811204505253,0.6391721814977545,0.2884717991529936,0.6189811204505253,,,,,
