client,round,class,accuracy,precision,recall,f1_score,cohen_kappa_score,roc_auc_score,confusion_matrix,TP,FP,FN,TN
7,4,awake,0.8219112748191304,0.8325575698187163,0.978416748387329,0.8996132768069485,0.1545719335895679,0.5541178629543567,[[ 3263 21872][ 2399 108752]],3263,21872,2399,108752
7,4,asleep,0.8219112748191304,0.5762981278700106,0.12981897752138452,0.21190375685943438,0.1545719335895679,0.5541178629543567,[[ 108752 2399][ 21872 3263]],108752,2399,21872,3263
7,4,avg,0.8219112748191304,0.7044278488443634,0.5541178629543567,0.5557585168331914,0.1545719335895679,0.5541178629543567,,,,,
