client,round,class,accuracy,precision,recall,f1_score,cohen_kappa_score,roc_auc_score,confusion_matrix,TP,FP,FN,TN
17,12,awake,0.817347343087331,0.8286119196013593,0.978416748387329,0.8973048346307917,0.12088455059468028,0.5417446781522879,[[ 2641 22494][ 2399 108752]],2641,22494,2399,108752
17,12,asleep,0.817347343087331,0.5240079365079365,0.10507260791724686,0.17504556752278377,0.12088455059468028,0.5417446781522879,[[ 108752 2399][ 22494 2641]],108752,2399,22494,2641
17,12,avg,0.817347343087331,0.6763099280546478,0.5417446781522879,0.5361752010767877,0.12088455059468028,0.5417446781522879,,,,,
