client,round,class,accuracy,precision,recall,f1_score,cohen_kappa_score,roc_auc_score,confusion_matrix,TP,FP,FN,TN
8,26,awake,0.8013589070043878,0.8382780124723396,0.9372565249075582,0.8850084527622266,0.17250644212441424,0.5688271882544554,[[ 5037 20098][ 6974 104177]],5037,20098,6974,104177
8,26,asleep,0.8013589070043878,0.4193655815502456,0.2003978516013527,0.2712001292198352,0.17250644212441424,0.5688271882544554,[[ 104177 6974][ 20098 5037]],104177,6974,20098,5037
8,26,avg,0.8013589070043878,0.6288217970112926,0.5688271882544554,0.5781042909910309,0.17250644212441424,0.5688271882544554,,,,,
