client,round,class,accuracy,precision,recall,f1_score,cohen_kappa_score,roc_auc_score,confusion_matrix,TP,FP,FN,TN
12,1,awake,0.8152708275244706,0.8215533297927248,0.9881242633894431,0.89717282447986,0.05973188114452632,0.5195047416012264,[[ 1279 23856][ 1320 109831]],1279,23856,1320,109831
12,1,asleep,0.8152708275244706,0.4921123509041939,0.050885219813009745,0.09223335977500541,0.05973188114452632,0.5195047416012264,[[ 109831 1320][ 23856 1279]],109831,1320,23856,1279
12,1,avg,0.8152708275244706,0.6568328403484593,0.5195047416012264,0.4947030921274327,0.05973188114452632,0.5195047416012264,,,,,
