client,round,class,accuracy,precision,recall,f1_score,cohen_kappa_score,roc_auc_score,confusion_matrix,TP,FP,FN,TN
0,1,awake,0.722686115962021,0.8430301613280337,0.8109778589486374,0.8266934463214658,0.13447532241167715,0.5716118656191367,[[ 8351 16784][ 21010 90141]],8351,16784,21010,90141
0,1,asleep,0.722686115962021,0.28442491740744524,0.332245872289636,0.3064812096300646,0.13447532241167715,0.5716118656191367,[[ 90141 21010][ 16784 8351]],90141,21010,16784,8351
0,1,avg,0.722686115962021,0.5637275393677394,0.5716118656191367,0.5665873279757652,0.13447532241167715,0.5716118656191367,,,,,
