client,round,class,accuracy,precision,recall,f1_score,cohen_kappa_score,roc_auc_score,confusion_matrix,TP,FP,FN,TN
7,23,awake,0.8219039373083076,0.861583026045265,0.9312376856708442,0.895057244647366,0.31293993937999265,0.6348251288907234,[[ 8506 16629][ 7643 103508]],8506,16629,7643,103508
7,23,asleep,0.8219039373083076,0.5267199207381262,0.33841257211060277,0.41207247359751964,0.31293993937999265,0.6348251288907235,[[ 103508 7643][ 16629 8506]],103508,7643,16629,8506
7,23,avg,0.8219039373083076,0.6941514733916956,0.6348251288907235,0.6535648591224428,0.31293993937999265,0.6348251288907234,,,,,
