client,round,class,accuracy,precision,recall,f1_score,cohen_kappa_score,roc_auc_score,confusion_matrix,TP,FP,FN,TN
0,3,awake,0.7413894310494108,0.8627214863237571,0.8121384422992146,0.8366661260050514,0.21872140292705422,0.6203322010581014,[[ 10771 14364][ 20881 90270]],10771,14364,20881,90270
0,3,asleep,0.7413894310494108,0.3402944521673196,0.42852595981698827,0.37934738584535194,0.21872140292705422,0.6203322010581014,[[ 90270 20881][ 14364 10771]],90270,20881,14364,10771
0,3,avg,0.7413894310494108,0.6015079692455384,0.6203322010581014,0.6080067559252017,0.21872140292705422,0.6203322010581014,,,,,
