client,round,class,accuracy,precision,recall,f1_score,cohen_kappa_score,roc_auc_score,confusion_matrix,TP,FP,FN,TN
7,14,awake,0.8207812981524147,0.8355334426939862,0.9714802385943446,0.8983930079413612,0.17440044397647148,0.5629233299595953,[[ 3880 21255][ 3170 107981]],3880,21255,3170,107981
7,14,asleep,0.8207812981524147,0.550354609929078,0.15436642132484582,0.24110610532856921,0.17440044397647148,0.5629233299595952,[[ 107981 3170][ 21255 3880]],107981,3170,21255,3880
7,14,avg,0.8207812981524147,0.6929440263115321,0.5629233299595953,0.5697495566349652,0.17440044397647148,0.5629233299595953,,,,,
