client,round,class,accuracy,precision,recall,f1_score,cohen_kappa_score,roc_auc_score,confusion_matrix,TP,FP,FN,TN
5,8,awake,0.7801681757480592,0.8443477449508444,0.8955474984480571,0.8691942962426105,0.1846483450810532,0.5827449049829305,[[ 6785 18350][ 11610 99541]],6785,18350,11610,99541
5,8,asleep,0.7801681757480592,0.36885023104104375,0.26994231151780385,0.3117390305536411,0.1846483450810532,0.5827449049829305,[[ 99541 11610][ 18350 6785]],99541,11610,18350,6785
5,8,avg,0.7801681757480592,0.6065989879959441,0.5827449049829305,0.5904666633981258,0.1846483450810532,0.5827449049829305,,,,,
