client,round,class,accuracy,precision,recall,f1_score,cohen_kappa_score,roc_auc_score,confusion_matrix,TP,FP,FN,TN
15,2,awake,0.5355502399366039,0.7757557596782186,0.6055725994368022,0.6801806808880446,-0.12253212593896068,0.41573636934243136,[[ 5678 19457][ 43841 67310]],5678,19457,43841,67310
15,2,asleep,0.5355502399366039,0.11466305862396252,0.22590013924806046,0.15211509095292952,-0.12253212593896068,0.4157363693424313,[[ 67310 43841][ 19457 5678]],67310,43841,19457,5678
15,2,avg,0.5355502399366039,0.4452094091510906,0.4157363693424313,0.41614788592048707,-0.12253212593896068,0.4157363693424313,,,,,
