client,round,class,accuracy,precision,recall,f1_score,cohen_kappa_score,roc_auc_score,confusion_matrix,TP,FP,FN,TN
8,16,awake,0.7978735893635444,0.8344481070182738,0.9383271405565402,0.8833441320578135,0.14624395533948797,0.5575463035187714,[[ 4443 20692][ 6855 104296]],4443,20692,6855,104296
8,16,asleep,0.7978735893635444,0.393255443441317,0.17676546648100258,0.24389976120550053,0.14624395533948797,0.5575463035187714,[[ 104296 6855][ 20692 4443]],104296,6855,20692,4443
8,16,avg,0.7978735893635444,0.6138517752297954,0.5575463035187714,0.563621946631657,0.14624395533948797,0.5575463035187714,,,,,
