client,round,class,accuracy,precision,recall,f1_score,cohen_kappa_score,roc_auc_score,confusion_matrix,TP,FP,FN,TN
1,6,awake,0.6814493051377251,0.8170584435644677,0.785229102752112,0.8008276292367827,0.007263351175053723,0.5038737516943372,[[ 5593 19542][ 23872 87279]],5593,19542,23872,87279
1,6,asleep,0.6814493051377251,0.18981842864415407,0.22251840063656256,0.20487179487179485,0.007263351175053723,0.5038737516943372,[[ 87279 23872][ 19542 5593]],87279,23872,19542,5593
1,6,avg,0.6814493051377251,0.5034384361043108,0.5038737516943372,0.5028497120542887,0.007263351175053723,0.5038737516943372,,,,,
