client,round,class,accuracy,precision,recall,f1_score,cohen_kappa_score,roc_auc_score,confusion_matrix,TP,FP,FN,TN
7,17,awake,0.8243546659231322,0.8598875931565525,0.9373734829196319,0.8969602011036596,0.3096916322935518,0.6309704096515805,[[ 8158 16977][ 6961 104190]],8158,16977,6961,104190
7,17,asleep,0.8243546659231322,0.5395859514518156,0.32456733638352897,0.4053261787648433,0.3096916322935518,0.6309704096515805,[[ 104190 6961][ 16977 8158]],104190,6961,16977,8158
7,17,avg,0.8243546659231322,0.6997367723041841,0.6309704096515805,0.6511431899342515,0.3096916322935518,0.6309704096515805,,,,,
