client,round,class,accuracy,precision,recall,f1_score,cohen_kappa_score,roc_auc_score,confusion_matrix,TP,FP,FN,TN
12,16,awake,0.8148746019400379,0.8203258397643813,0.989806659409272,0.8971320933190903,0.04811175112327226,0.5155518278148409,[[ 1038 24097][ 1133 110018]],1038,24097,1133,110018
12,16,asleep,0.8148746019400379,0.4781206817134961,0.04129699622040979,0.07602724675895407,0.04811175112327226,0.5155518278148409,[[ 110018 1133][ 24097 1038]],110018,1133,24097,1038
12,16,avg,0.8148746019400379,0.6492232607389388,0.5155518278148409,0.4865796700390222,0.04811175112327226,0.5155518278148409,,,,,
