client,round,class,accuracy,precision,recall,f1_score,cohen_kappa_score,roc_auc_score,confusion_matrix,TP,FP,FN,TN
3,16,awake,0.8326900782178653,0.8566515150291865,0.9545933010049392,0.9029743415173822,0.30857392355144186,0.6241038914016142,[[ 7380 17755][ 5047 106104]],7380,17755,5047,106104
3,16,asleep,0.8326900782178653,0.5938681902309487,0.29361448179828925,0.3929503221340717,0.30857392355144186,0.6241038914016143,[[ 106104 5047][ 17755 7380]],106104,5047,17755,7380
3,16,avg,0.8326900782178653,0.7252598526300675,0.6241038914016143,0.6479623318257269,0.30857392355144186,0.6241038914016142,,,,,
