client,round,class,accuracy,precision,recall,f1_score,cohen_kappa_score,roc_auc_score,confusion_matrix,TP,FP,FN,TN
1,11,awake,0.6521359494005253,0.8267748021162286,0.7254725553526284,0.7728181020974396,0.04406408367092818,0.5266511374336247,[[ 8240 16895][ 30514 80637]],8240,16895,30514,80637
1,11,asleep,0.6521359494005253,0.21262321308768128,0.32782971951462103,0.2579473774828218,0.04406408367092818,0.5266511374336248,[[ 80637 30514][ 16895 8240]],80637,30514,16895,8240
1,11,avg,0.6521359494005253,0.519699007601955,0.5266511374336247,0.5153827397901307,0.04406408367092818,0.5266511374336247,,,,,
