client,round,class,accuracy,precision,recall,f1_score,cohen_kappa_score,roc_auc_score,confusion_matrix,TP,FP,FN,TN
12,9,awake,0.8251104295378836,0.8392915429690536,0.9716061933765778,0.9006150317940165,0.20388821955750724,0.5744444334696694,[[ 4456 20679][ 3156 107995]],4456,20679,3156,107995
12,9,asleep,0.8251104295378836,0.5853914871255912,0.1772826735627611,0.2721470669068923,0.20388821955750724,0.5744444334696694,[[ 107995 3156][ 20679 4456]],107995,3156,20679,4456
12,9,avg,0.8251104295378836,0.7123415150473225,0.5744444334696694,0.5863810493504544,0.20388821955750724,0.5744444334696694,,,,,
