client,round,class,accuracy,precision,recall,f1_score,cohen_kappa_score,roc_auc_score,confusion_matrix,TP,FP,FN,TN
15,21,awake,0.5437389020148805,0.8049090297754697,0.5815062392601056,0.6752084073292522,-0.028319052346546636,0.47911596029048653,[[ 9469 15666][ 46516 64635]],9469,15666,46516,64635
15,21,asleep,0.5437389020148805,0.16913458962222025,0.3767256813208673,0.23345660749506902,-0.028319052346546636,0.4791159602904864,[[ 64635 46516][ 15666 9469]],64635,46516,15666,9469
15,21,avg,0.5437389020148805,0.487021809698845,0.4791159602904864,0.45433250741216064,-0.028319052346546636,0.4791159602904865,,,,,
