client,round,class,accuracy,precision,recall,f1_score,cohen_kappa_score,roc_auc_score,confusion_matrix,TP,FP,FN,TN
13,4,awake,0.8141041633036409,0.8758913710030661,0.8995240708585618,0.8875504325324787,0.3521452648424557,0.6679438536110991,[[ 10968 14167][ 11168 99983]],10968,14167,11168,99983
13,4,asleep,0.8141041633036409,0.49548247199132633,0.43636363636363634,0.46404772482071455,0.3521452648424557,0.6679438536110991,[[ 99983 11168][ 14167 10968]],99983,11168,14167,10968
13,4,avg,0.8141041633036409,0.6856869214971962,0.6679438536110991,0.6757990786765966,0.3521452648424557,0.6679438536110991,,,,,
