client,round,class,accuracy,precision,recall,f1_score,cohen_kappa_score,roc_auc_score,confusion_matrix,TP,FP,FN,TN
15,24,awake,0.5503646742878946,0.8074040286989325,0.5892434615972866,0.6812850745570009,-0.022101721175125322,0.4838399524019853,[[ 9512 15623][ 45656 65495]],9512,15623,45656,65495
15,24,asleep,0.5503646742878946,0.17241879350348027,0.3784364432066839,0.23690273090669087,-0.022101721175125322,0.4838399524019853,[[ 65495 45656][ 15623 9512]],65495,45656,15623,9512
15,24,avg,0.5503646742878946,0.4899114111012064,0.48383995240198524,0.4590939027318459,-0.022101721175125322,0.4838399524019853,,,,,
