client,round,class,accuracy,precision,recall,f1_score,cohen_kappa_score,roc_auc_score,confusion_matrix,TP,FP,FN,TN
6,22,awake,0.6871285385145943,0.8671818893164546,0.7278566994448993,0.7914343292050635,0.18423172305772606,0.6174393901043871,[[ 12744 12391][ 30249 80902]],12744,12391,30249,80902
6,22,asleep,0.6871285385145943,0.29642034749843,0.5070220807638751,0.3741193048379521,0.18423172305772606,0.6174393901043872,[[ 80902 30249][ 12391 12744]],80902,30249,12391,12744
6,22,avg,0.6871285385145943,0.5818011184074423,0.6174393901043872,0.5827768170215077,0.18423172305772606,0.6174393901043871,,,,,
