client,round,class,accuracy,precision,recall,f1_score,cohen_kappa_score,roc_auc_score,confusion_matrix,TP,FP,FN,TN
11,15,awake,0.8361166957721262,0.8628163858886583,0.9501219062356614,0.9043669636778577,0.34115663405159613,0.6410446412021753,[[ 8344 16791][ 5544 105607]],8344,16791,5544,105607
11,15,asleep,0.8361166957721262,0.6008064516129032,0.3319673761686891,0.427645234861492,0.34115663405159613,0.6410446412021753,[[ 105607 5544][ 16791 8344]],105607,5544,16791,8344
11,15,avg,0.8361166957721262,0.7318114187507807,0.6410446412021753,0.6660060992696748,0.34115663405159613,0.6410446412021753,,,,,
