client,round,class,accuracy,precision,recall,f1_score,cohen_kappa_score,roc_auc_score,confusion_matrix,TP,FP,FN,TN
8,27,awake,0.7999354299047591,0.8374703302892545,0.936428822052883,0.8841893338316995,0.16641574745711074,0.5663842936602191,[[ 4935 20200][ 7066 104085]],4935,20200,7066,104085
8,27,asleep,0.7999354299047591,0.41121573202233147,0.1963397652675552,0.2657798362774666,0.16641574745711074,0.5663842936602191,[[ 104085 7066][ 20200 4935]],104085,7066,20200,4935
8,27,avg,0.7999354299047591,0.624343031155793,0.5663842936602191,0.574984585054583,0.16641574745711074,0.5663842936602191,,,,,
