client,round,class,accuracy,precision,recall,f1_score,cohen_kappa_score,roc_auc_score,confusion_matrix,TP,FP,FN,TN
4,21,awake,0.8258148305768751,0.8476179113974389,0.9587947926694317,0.8997851241762742,0.25342832828670414,0.5982754548189012,[[ 5976 19159][ 4580 106571]],5976,19159,4580,106571
4,21,asleep,0.8258148305768751,0.566123531640773,0.2377561169683708,0.3348743380684206,0.25342832828670414,0.5982754548189012,[[ 106571 4580][ 19159 5976]],106571,4580,19159,5976
4,21,avg,0.8258148305768751,0.7068707215191059,0.5982754548189012,0.6173297311223473,0.25342832828670414,0.5982754548189012,,,,,
