client,round,class,accuracy,precision,recall,f1_score,cohen_kappa_score,roc_auc_score,confusion_matrix,TP,FP,FN,TN
14,6,awake,0.826328456334473,0.8390039371299253,0.9739453536180511,0.9014526665528626,0.20348873337230966,0.5737441110640484,[[ 4362 20773][ 2896 108255]],4362,20773,2896,108255
14,6,asleep,0.826328456334473,0.6009920088178562,0.17354286851004574,0.26931744512703365,0.20348873337230966,0.5737441110640484,[[ 108255 2896][ 20773 4362]],108255,2896,20773,4362
14,6,avg,0.826328456334473,0.7199979729738908,0.5737441110640484,0.5853850558399482,0.20348873337230966,0.5737441110640484,,,,,
