client,round,class,accuracy,precision,recall,f1_score,cohen_kappa_score,roc_auc_score,confusion_matrix,TP,FP,FN,TN
13,5,awake,0.813671250165094,0.8796808727298486,0.8937841314967927,0.8866764249120865,0.3631453440581828,0.6765916877893751,[[ 11547 13588][ 11806 99345]],11547,13588,11806,99345
13,5,asleep,0.813671250165094,0.49445467391769793,0.4593992440819574,0.47628279161854475,0.3631453440581828,0.6765916877893751,[[ 99345 11806][ 13588 11547]],99345,11806,13588,11547
13,5,avg,0.813671250165094,0.6870677733237733,0.6765916877893751,0.6814796082653156,0.3631453440581828,0.6765916877893751,,,,,
