client,round,class,accuracy,precision,recall,f1_score,cohen_kappa_score,roc_auc_score,confusion_matrix,TP,FP,FN,TN
17,23,awake,0.8103253452298842,0.8281388245612685,0.9684033431997913,0.8927955276865399,0.11219893434461481,0.53984121804907,[[ 2797 22338][ 3512 107639]],2797,22338,3512,107639
17,23,asleep,0.8103253452298842,0.4433349183705817,0.11127909289834892,0.1779035746088284,0.11219893434461481,0.53984121804907,[[ 107639 3512][ 22338 2797]],107639,3512,22338,2797
17,23,avg,0.8103253452298842,0.6357368714659251,0.5398412180490701,0.5353495511476841,0.11219893434461481,0.53984121804907,,,,,
