client,round,class,accuracy,precision,recall,f1_score,cohen_kappa_score,roc_auc_score,confusion_matrix,TP,FP,FN,TN
6,25,awake,0.6653654814140851,0.841184737910572,0.7269390288886289,0.779900195940272,0.09738502931578275,0.5600082055125462,[[ 9880 15255][ 30351 80800]],9880,15255,30351,80800
6,25,asleep,0.6653654814140851,0.24558176530536155,0.3930773821364631,0.30229783067649846,0.09738502931578275,0.560008205512546,[[ 80800 30351][ 15255 9880]],80800,30351,15255,9880
6,25,avg,0.6653654814140851,0.5433832516079667,0.560008205512546,0.5410990133083853,0.09738502931578275,0.5600082055125462,,,,,
