client,round,class,accuracy,precision,recall,f1_score,cohen_kappa_score,roc_auc_score,confusion_matrix,TP,FP,FN,TN
3,28,awake,0.8217865371351423,0.8616910533898516,0.9309048051749422,0.8949617264195823,0.31319869832403413,0.6350764328241928,[[ 8527 16608][ 7680 103471]],8527,16608,7680,103471
3,28,asleep,0.8217865371351423,0.5261306842722281,0.3392480604734434,0.41251028010255913,0.31319869832403413,0.6350764328241928,[[ 103471 7680][ 16608 8527]],103471,7680,16608,8527
3,28,avg,0.8217865371351423,0.6939108688310398,0.6350764328241928,0.6537360032610707,0.31319869832403413,0.6350764328241928,,,,,
