client,round,class,accuracy,precision,recall,f1_score,cohen_kappa_score,roc_auc_score,confusion_matrix,TP,FP,FN,TN
18,5,awake,0.8211921987584931,0.8224466440758575,0.995717537404072,0.9008257399712679,0.0705703029123892,0.5225653531460384,[[ 1242 23893][ 476 110675]],1242,23893,476,110675
18,5,asleep,0.8211921987584931,0.7229336437718277,0.049413168888004774,0.09250363087923137,0.0705703029123892,0.5225653531460384,[[ 110675 476][ 23893 1242]],110675,476,23893,1242
18,5,avg,0.8211921987584931,0.7726901439238426,0.5225653531460384,0.49666468542524966,0.0705703029123892,0.5225653531460384,,,,,
