client,round,class,accuracy,precision,recall,f1_score,cohen_kappa_score,roc_auc_score,confusion_matrix,TP,FP,FN,TN
9,13,awake,0.8403357644952526,0.8722484571371462,0.9422317388057687,0.9058904939019116,0.38479374219669726,0.6659835837454346,[[ 9796 15339][ 6421 104730]],9796,15339,6421,104730
9,13,asleep,0.8403357644952526,0.6040574705555898,0.38973542868510047,0.4737860321145289,0.38479374219669726,0.6659835837454345,[[ 104730 6421][ 15339 9796]],104730,6421,15339,9796
9,13,avg,0.8403357644952526,0.738152963846368,0.6659835837454346,0.6898382630082203,0.38479374219669726,0.6659835837454346,,,,,
