client,round,class,accuracy,precision,recall,f1_score,cohen_kappa_score,roc_auc_score,confusion_matrix,TP,FP,FN,TN
7,25,awake,0.8237823400789516,0.8605238114940627,0.9355741288877293,0.8964809738098932,0.31147744736302785,0.6324976274038805,[[ 8280 16855][ 7161 103990]],8280,16855,7161,103990
7,25,asleep,0.8237823400789516,0.5362346998251408,0.3294211259200318,0.40812302839116715,0.31147744736302785,0.6324976274038805,[[ 103990 7161][ 16855 8280]],103990,7161,16855,8280
7,25,avg,0.8237823400789516,0.6983792556596018,0.6324976274038805,0.6523020011005302,0.31147744736302785,0.6324976274038805,,,,,
