client,round,class,accuracy,precision,recall,f1_score,cohen_kappa_score,roc_auc_score,confusion_matrix,TP,FP,FN,TN
8,12,awake,0.8006104809004593,0.8364436182402385,0.9391638401813749,0.8848325083067743,0.1608736551826777,0.5635345757501264,[[ 4723 20412][ 6762 104389]],4723,20412,6762,104389
8,12,asleep,0.8006104809004593,0.41123204179364387,0.18790531131887805,0.25794647733478976,0.1608736551826777,0.5635345757501264,[[ 104389 6762][ 20412 4723]],104389,6762,20412,4723
8,12,avg,0.8006104809004593,0.6238378300169412,0.5635345757501264,0.571389492820782,0.1608736551826777,0.5635345757501264,,,,,
