client,round,class,accuracy,precision,recall,f1_score,cohen_kappa_score,roc_auc_score,confusion_matrix,TP,FP,FN,TN
4,28,awake,0.8279500462263182,0.8618438967233,0.9396766560804671,0.8990789360420073,0.3235510738448304,0.6367768599678245,[[ 8392 16743][ 6705 104446]],8392,16743,6705,104446
4,28,asleep,0.8279500462263182,0.5558720275551434,0.333877063855182,0.4171803539471068,0.3235510738448304,0.6367768599678245,[[ 104446 6705][ 16743 8392]],104446,6705,16743,8392
4,28,avg,0.8279500462263182,0.7088579621392217,0.6367768599678245,0.6581296449945571,0.3235510738448304,0.6367768599678245,,,,,
