client,round,class,accuracy,precision,recall,f1_score,cohen_kappa_score,roc_auc_score,confusion_matrix,TP,FP,FN,TN
1,15,awake,0.6673832968903629,0.8271111641221374,0.7486572320536927,0.7859311764789219,0.04872589524580684,0.5283170783304072,[[ 7741 17394][ 27937 83214]],7741,17394,27937,83214
1,15,asleep,0.6673832968903629,0.21696843993497394,0.30797692460712156,0.2545837238748294,0.04872589524580684,0.5283170783304071,[[ 83214 27937][ 17394 7741]],83214,27937,17394,7741
1,15,avg,0.6673832968903629,0.5220398020285557,0.5283170783304072,0.5202574501768756,0.04872589524580684,0.5283170783304072,,,,,
