client,round,class,accuracy,precision,recall,f1_score,cohen_kappa_score,roc_auc_score,confusion_matrix,TP,FP,FN,TN
14,8,awake,0.8381638612916954,0.8741443749212615,0.9363838382020855,0.9041943218542586,0.3874000267870694,0.6701016067875356,[[ 10150 14985][ 7071 104080]],10150,14985,7071,104080
14,8,asleep,0.8381638612916954,0.5893966668602287,0.4038193753729859,0.4792709415431108,0.3874000267870694,0.6701016067875357,[[ 104080 7071][ 14985 10150]],104080,7071,14985,10150
14,8,avg,0.8381638612916954,0.7317705208907451,0.6701016067875357,0.6917326316986847,0.3874000267870694,0.6701016067875356,,,,,
