client,round,class,accuracy,precision,recall,f1_score,cohen_kappa_score,roc_auc_score,confusion_matrix,TP,FP,FN,TN
18,29,awake,0.8210821360961508,0.8267346493044834,0.9876024507201915,0.9000368958307711,0.10839455070074866,0.5361525283240902,[[ 2129 23006][ 1378 109773]],2129,23006,1378,109773
18,29,asleep,0.8210821360961508,0.6070715711434275,0.08470260592798887,0.14866280287689407,0.10839455070074866,0.5361525283240902,[[ 109773 1378][ 23006 2129]],109773,1378,23006,2129
18,29,avg,0.8210821360961508,0.7169031102239554,0.5361525283240902,0.5243498493538326,0.10839455070074866,0.5361525283240902,,,,,
