client,round,class,accuracy,precision,recall,f1_score,cohen_kappa_score,roc_auc_score,confusion_matrix,TP,FP,FN,TN
14,1,awake,0.8161366538015643,0.8196561838636617,0.9930544934368561,0.898061965047027,0.0420551966737156,0.51341604719585,[[ 849 24286][ 772 110379]],849,24286,772,110379
14,1,asleep,0.8161366538015643,0.5237507711289328,0.03377760095484384,0.06346240095679473,0.0420551966737156,0.51341604719585,[[ 110379 772][ 24286 849]],110379,772,24286,849
14,1,avg,0.8161366538015643,0.6717034774962972,0.51341604719585,0.48076218300191087,0.0420551966737156,0.51341604719585,,,,,
