client,round,class,accuracy,precision,recall,f1_score,cohen_kappa_score,roc_auc_score,confusion_matrix,TP,FP,FN,TN
15,13,awake,0.5214108565810135,0.8006021730593009,0.5502244694154799,0.6522093835481308,-0.03633799086783185,0.4721084551175271,[[ 9903 15232][ 49993 61158]],9903,15232,49993,61158
15,13,asleep,0.5214108565810135,0.16533658341124616,0.3939924408195743,0.232926814926321,-0.03633799086783185,0.4721084551175271,[[ 61158 49993][ 15232 9903]],61158,49993,15232,9903
15,13,avg,0.5214108565810135,0.4829693782352735,0.4721084551175271,0.44256809923722595,-0.03633799086783185,0.4721084551175271,,,,,
