client,round,class,accuracy,precision,recall,f1_score,cohen_kappa_score,roc_auc_score,confusion_matrix,TP,FP,FN,TN
8,17,awake,0.8003389930000147,0.8323566677225214,0.9456505114663836,0.8853940723831345,0.13479143060121213,0.5516993357013636,[[ 3965 21170][ 6041 105110]],3965,21170,6041,105110
8,17,asleep,0.8003389930000147,0.39626224265440735,0.15774815993634375,0.22566233174923878,0.13479143060121213,0.5516993357013636,[[ 105110 6041][ 21170 3965]],105110,6041,21170,3965
8,17,avg,0.8003389930000147,0.6143094551884644,0.5516993357013636,0.5555282020661867,0.13479143060121213,0.5516993357013636,,,,,
