client,round,class,accuracy,precision,recall,f1_score,cohen_kappa_score,roc_auc_score,confusion_matrix,TP,FP,FN,TN
10,29,awake,0.7884522254670325,0.914601716426931,0.8168887369434373,0.8629881146430829,0.4054681179890375,0.7397950746583111,[[ 16657 8478][ 20353 90798]],16657,8478,20353,90798
10,29,asleep,0.7884522254670325,0.450067549310997,0.6627014123731848,0.5360688711883498,0.4054681179890375,0.739795074658311,[[ 90798 20353][ 8478 16657]],90798,20353,8478,16657
10,29,avg,0.7884522254670325,0.682334632868964,0.7397950746583111,0.6995284929157164,0.4054681179890375,0.7397950746583111,,,,,
