client,round,class,accuracy,precision,recall,f1_score,cohen_kappa_score,roc_auc_score,confusion_matrix,TP,FP,FN,TN
10,21,awake,0.8015570197966042,0.9086147926464301,0.8412969743861953,0.8736610500450793,0.4145629077901243,0.7335587716569926,[[ 15730 9405][ 17640 93511]],15730,9405,17640,93511
10,21,asleep,0.8015570197966042,0.4713814803715913,0.6258205689277899,0.5377318177933509,0.4145629077901243,0.7335587716569926,[[ 93511 17640][ 9405 15730]],93511,17640,9405,15730
10,21,avg,0.8015570197966042,0.6899981365090107,0.7335587716569927,0.7056964339192151,0.4145629077901243,0.7335587716569926,,,,,
