client,round,class,accuracy,precision,recall,f1_score,cohen_kappa_score,roc_auc_score,confusion_matrix,TP,FP,FN,TN
6,12,awake,0.6798790778216398,0.8846105649286292,0.6986171964264829,0.7806888786117868,0.21741542724117624,0.6478166547081688,[[ 15006 10129][ 33499 77652]],15006,10129,33499,77652
6,12,asleep,0.6798790778216398,0.30937016802391504,0.5970161129898548,0.4075502444323737,0.21741542724117624,0.6478166547081688,[[ 77652 33499][ 10129 15006]],77652,33499,10129,15006
6,12,avg,0.6798790778216398,0.5969903664762721,0.6478166547081688,0.5941195615220802,0.21741542724117624,0.6478166547081688,,,,,
