client,round,class,accuracy,precision,recall,f1_score,cohen_kappa_score,roc_auc_score,confusion_matrix,TP,FP,FN,TN
5,12,awake,0.7851576831075826,0.8464207435239957,0.8998479545843042,0.8723170444535536,0.19935874351927607,0.5889134342247163,[[ 6987 18148][ 11132 100019]],6987,18148,11132,100019
5,12,asleep,0.7851576831075826,0.3856173077984436,0.2779789138651283,0.32306838673879873,0.19935874351927607,0.5889134342247162,[[ 100019 11132][ 18148 6987]],100019,11132,18148,6987
5,12,avg,0.7851576831075826,0.6160190256612197,0.5889134342247162,0.5976927155961762,0.19935874351927607,0.5889134342247162,,,,,
