client,round,class,accuracy,precision,recall,f1_score,cohen_kappa_score,roc_auc_score,confusion_matrix,TP,FP,FN,TN
5,11,awake,0.7449187737551913,0.8483060507956773,0.8368885570080341,0.84255862612429,0.17116042733698,0.5875511016589803,[[ 8501 16634][ 18130 93021]],8501,16634,18130,93021
5,11,asleep,0.7449187737551913,0.3192144493259735,0.3382136463099264,0.32843951628482015,0.17116042733698,0.5875511016589803,[[ 93021 18130][ 16634 8501]],93021,18130,16634,8501
5,11,avg,0.7449187737551913,0.5837602500608254,0.5875511016589803,0.5854990712045551,0.17116042733698,0.5875511016589803,,,,,
