client,round,class,accuracy,precision,recall,f1_score,cohen_kappa_score,roc_auc_score,confusion_matrix,TP,FP,FN,TN
9,24,awake,0.8330642912698296,0.8671279299632872,0.939235814342651,0.9017426418190848,0.35302385859132734,0.6513963038293721,[[ 9138 15997][ 6754 104397]],9138,15997,6754,104397
9,24,asleep,0.8330642912698296,0.5750062924742009,0.3635567933160931,0.4454627440466034,0.35302385859132734,0.6513963038293721,[[ 104397 6754][ 15997 9138]],104397,6754,15997,9138
9,24,avg,0.8330642912698296,0.7210671112187441,0.6513963038293721,0.6736026929328441,0.35302385859132734,0.6513963038293721,,,,,
