client,round,class,accuracy,precision,recall,f1_score,cohen_kappa_score,roc_auc_score,confusion_matrix,TP,FP,FN,TN
5,24,awake,0.7643631774356867,0.8445529447665547,0.8714811382713605,0.8578057614480663,0.1715085127889494,0.5810757591098199,[[ 7306 17829][ 14285 96866]],7306,17829,14285,96866
5,24,asleep,0.7643631774356867,0.3383817331295447,0.29067037994827927,0.3127166887814065,0.1715085127889494,0.5810757591098199,[[ 96866 14285][ 17829 7306]],96866,14285,17829,7306
5,24,avg,0.7643631774356867,0.5914673389480497,0.5810757591098199,0.5852612251147364,0.1715085127889494,0.5810757591098199,,,,,
