client,round,class,accuracy,precision,recall,f1_score,cohen_kappa_score,roc_auc_score,confusion_matrix,TP,FP,FN,TN
1,25,awake,0.6749335955270535,0.8294579756143239,0.7570872056931561,0.7916219826531956,0.05979708467161249,0.5343621825163613,[[ 7833 17302][ 27000 84151]],7833,17302,27000,84151
1,25,asleep,0.6749335955270535,0.2248729652915339,0.3116371593395663,0.2612393276414088,0.05979708467161249,0.5343621825163613,[[ 84151 27000][ 17302 7833]],84151,27000,17302,7833
1,25,avg,0.6749335955270535,0.5271654704529289,0.5343621825163613,0.5264306551473021,0.05979708467161249,0.5343621825163613,,,,,
