client,round,class,accuracy,precision,recall,f1_score,cohen_kappa_score,roc_auc_score,confusion_matrix,TP,FP,FN,TN
5,4,awake,0.79604654916866,0.8403328406594752,0.9258396235751365,0.8810163861445474,0.17910386502967346,0.5739601937251055,[[ 5582 19553][ 8243 102908]],5582,19553,8243,102908
5,4,asleep,0.79604654916866,0.4037613019891501,0.2220807638750746,0.2865503080082136,0.17910386502967346,0.5739601937251055,[[ 102908 8243][ 19553 5582]],102908,8243,19553,5582
5,4,avg,0.79604654916866,0.6220470713243127,0.5739601937251055,0.5837833470763805,0.17910386502967346,0.5739601937251055,,,,,
