client,round,class,accuracy,precision,recall,f1_score,cohen_kappa_score,roc_auc_score,confusion_matrix,TP,FP,FN,TN
0,7,awake,0.8231659891698341,0.8582080339727921,0.938183192233988,0.8964153700679103,0.30066693452783866,0.6263623341317146,[[ 7906 17229][ 6871 104280]],7906,17229,6871,104280
0,7,asleep,0.8231659891698341,0.5350206401840698,0.314541476029441,0.39617157747043497,0.30066693452783866,0.6263623341317145,[[ 104280 6871][ 17229 7906]],104280,6871,17229,7906
0,7,avg,0.8231659891698341,0.696614337078431,0.6263623341317145,0.6462934737691726,0.30066693452783866,0.6263623341317146,,,,,
