client,round,class,accuracy,precision,recall,f1_score,cohen_kappa_score,roc_auc_score,confusion_matrix,TP,FP,FN,TN
16,5,awake,0.8161366538015643,0.8660136554175276,0.9163300375165315,0.8904616191641896,0.3213419195895111,0.6446977420524771,[[ 9377 15758][ 9300 101851]],9377,15758,9300,101851
16,5,asleep,0.8161366538015643,0.5020613588906141,0.3730654465884225,0.42805624029946127,0.3213419195895111,0.644697742052477,[[ 101851 9300][ 15758 9377]],101851,9300,15758,9377
16,5,avg,0.8161366538015643,0.6840375071540709,0.644697742052477,0.6592589297318254,0.3213419195895111,0.6446977420524771,,,,,
