client,round,class,accuracy,precision,recall,f1_score,cohen_kappa_score,roc_auc_score,confusion_matrix,TP,FP,FN,TN
7,19,awake,0.8261670310963709,0.8528377091771693,0.9509496090903365,0.8992253997422253,0.2805289559949866,0.6126540366915776,[[ 6896 18239][ 5452 105699]],6896,18239,5452,105699
7,19,asleep,0.8261670310963709,0.5584710074505993,0.2743584642928188,0.36795347224074915,0.2805289559949866,0.6126540366915777,[[ 105699 5452][ 18239 6896]],105699,5452,18239,6896
7,19,avg,0.8261670310963709,0.7056543583138843,0.6126540366915777,0.6335894359914872,0.2805289559949866,0.6126540366915776,,,,,
