client,round,class,accuracy,precision,recall,f1_score,cohen_kappa_score,roc_auc_score,confusion_matrix,TP,FP,FN,TN
15,28,awake,0.5663310978383693,0.8068578435996604,0.6156309884751374,0.6983909899519797,-0.025648654275894023,0.48197503272971115,[[ 8755 16380][ 42723 68428]],8755,16380,42723,68428
15,28,asleep,0.5663310978383693,0.17007265239519795,0.3483190769842849,0.22855129025100177,-0.025648654275894023,0.4819750327297111,[[ 68428 42723][ 16380 8755]],68428,42723,16380,8755
15,28,avg,0.5663310978383693,0.4884652479974292,0.48197503272971115,0.4634711401014907,-0.025648654275894023,0.4819750327297111,,,,,
