client,round,class,accuracy,precision,recall,f1_score,cohen_kappa_score,roc_auc_score,confusion_matrix,TP,FP,FN,TN
9,21,awake,0.839851488780946,0.8729800826756858,0.9404773686246638,0.9054725937218489,0.38647481688011065,0.667672541483607,[[ 9925 15210][ 6616 104535]],9925,15210,6616,104535
9,21,asleep,0.839851488780946,0.6000241823348045,0.39486771434255025,0.47629331029849314,0.38647481688011065,0.667672541483607,[[ 104535 6616][ 15210 9925]],104535,6616,15210,9925
9,21,avg,0.839851488780946,0.7365021325052452,0.667672541483607,0.690882952010171,0.38647481688011065,0.667672541483607,,,,,
