client,round,class,accuracy,precision,recall,f1_score,cohen_kappa_score,roc_auc_score,confusion_matrix,TP,FP,FN,TN
18,19,awake,0.8187488076544913,0.8218287679902315,0.9930544934368561,0.8993644585675875,0.06370712180682869,0.520497805699928,[[ 1205 23930][ 772 110379]],1205,23930,772,110379
18,19,asleep,0.8187488076544913,0.6095093576125442,0.0479411179629998,0.08889052817940395,0.06370712180682869,0.520497805699928,[[ 110379 772][ 23930 1205]],110379,772,23930,1205
18,19,avg,0.8187488076544913,0.7156690628013879,0.520497805699928,0.4941274933734957,0.06370712180682869,0.520497805699928,,,,,
