client,round,class,accuracy,precision,recall,f1_score,cohen_kappa_score,roc_auc_score,confusion_matrix,TP,FP,FN,TN
11,6,awake,0.8351261318110444,0.8725122027034974,0.9343685616863546,0.9023815936954237,0.3762730292335644,0.6653143783168196,[[ 9960 15175][ 7295 103856]],9960,15175,7295,103856
11,6,asleep,0.8351261318110444,0.5772239930454941,0.39626019494728465,0.46992215145081395,0.3762730292335644,0.6653143783168196,[[ 103856 7295][ 15175 9960]],103856,7295,15175,9960
11,6,avg,0.8351261318110444,0.7248680978744957,0.6653143783168196,0.6861518725731188,0.3762730292335644,0.6653143783168196,,,,,
