client,round,class,accuracy,precision,recall,f1_score,cohen_kappa_score,roc_auc_score,confusion_matrix,TP,FP,FN,TN
9,2,awake,0.8290359978280968,0.8552549638076752,0.9513904508281527,0.9007649193342304,0.2963548764372602,0.6196777199436168,[[ 7238 17897][ 5403 105748]],7238,17897,5403,105748
9,2,asleep,0.8290359978280968,0.5725812831263349,0.28796498905908097,0.3832062685302838,0.2963548764372602,0.6196777199436169,[[ 105748 5403][ 17897 7238]],105748,5403,17897,7238
9,2,avg,0.8290359978280968,0.7139181234670051,0.6196777199436168,0.6419855939322571,0.2963548764372602,0.6196777199436168,,,,,
