client,round,class,accuracy,precision,recall,f1_score,cohen_kappa_score,roc_auc_score,confusion_matrix,TP,FP,FN,TN
10,19,awake,0.7869553732591755,0.9154658787339108,0.8139377963311172,0.8617216335278011,0.4047630208713866,0.7407862842805377,[[ 16781 8354][ 20681 90470]],16781,8354,20681,90470
10,19,asleep,0.7869553732591755,0.4479472532165928,0.6676347722299583,0.5361598798664473,0.4047630208713866,0.7407862842805377,[[ 90470 20681][ 8354 16781]],90470,20681,8354,16781
10,19,avg,0.7869553732591755,0.6817065659752518,0.7407862842805377,0.6989407566971242,0.4047630208713866,0.7407862842805377,,,,,
