client,round,class,accuracy,precision,recall,f1_score,cohen_kappa_score,roc_auc_score,confusion_matrix,TP,FP,FN,TN
6,23,awake,0.6470510544003052,0.8526427652553275,0.6857518150983797,0.7601448046832149,0.12110266696980554,0.580830950318237,[[ 11962 13173][ 34929 76222]],11962,13173,34929,76222
6,23,asleep,0.6470510544003052,0.2551022584291229,0.4759100855380943,0.3321578318940383,0.12110266696980554,0.580830950318237,[[ 76222 34929][ 13173 11962]],76222,34929,13173,11962
6,23,avg,0.6470510544003052,0.5538725118422252,0.580830950318237,0.5461513182886266,0.12110266696980554,0.580830950318237,,,,,
