client,round,class,accuracy,precision,recall,f1_score,cohen_kappa_score,roc_auc_score,confusion_matrix,TP,FP,FN,TN
9,19,awake,0.8387728746899902,0.8675442645652676,0.9468830689782368,0.9054790572425334,0.36463398275603,0.6537876653822953,[[ 9066 16069][ 5904 105247]],9066,16069,5904,105247
9,19,asleep,0.8387728746899902,0.6056112224448897,0.36069226178635366,0.4521132028425383,0.36463398275603,0.6537876653822953,[[ 105247 5904][ 16069 9066]],105247,5904,16069,9066
9,19,avg,0.8387728746899902,0.7365777435050787,0.6537876653822953,0.6787961300425358,0.36463398275603,0.6537876653822953,,,,,
