client,round,class,accuracy,precision,recall,f1_score,cohen_kappa_score,roc_auc_score,confusion_matrix,TP,FP,FN,TN
11,21,awake,0.8337026547114157,0.8641170612876412,0.9446428732085181,0.9025874666895899,0.3423367387609516,0.6438750471075414,[[ 8624 16511][ 6153 104998]],8624,16511,6153,104998
11,21,asleep,0.8337026547114157,0.5836096636665088,0.34310722100656454,0.432150731609541,0.3423367387609516,0.6438750471075413,[[ 104998 6153][ 16511 8624]],104998,6153,16511,8624
11,21,avg,0.8337026547114157,0.723863362477075,0.6438750471075414,0.6673690991495654,0.3423367387609516,0.6438750471075414,,,,,
