client,round,class,accuracy,precision,recall,f1_score,cohen_kappa_score,roc_auc_score,confusion_matrix,TP,FP,FN,TN
17,3,awake,0.8098117194722863,0.818928162489429,0.9844805714748406,0.8941055349468078,0.03344882268945648,0.510939311000997,[[ 940 24195][ 1725 109426]],940,24195,1725,109426
17,3,asleep,0.8098117194722863,0.3527204502814259,0.03739805052715337,0.06762589928057554,0.03344882268945648,0.510939311000997,[[ 109426 1725][ 24195 940]],109426,1725,24195,940
17,3,avg,0.8098117194722863,0.5858243063854275,0.510939311000997,0.48086571711369164,0.03344882268945648,0.510939311000997,,,,,
