client,round,class,accuracy,precision,recall,f1_score,cohen_kappa_score,roc_auc_score,confusion_matrix,TP,FP,FN,TN
1,19,awake,0.6836212083412823,0.8315028310253086,0.7676314203201051,0.7982915738852193,0.07048213701875161,0.5398730007906474,[[ 7845 17290][ 25828 85323]],7845,17290,25828,85323
1,19,asleep,0.6836212083412823,0.23297597481661866,0.31211458126118957,0.26680043531492315,0.07048213701875161,0.5398730007906474,[[ 85323 25828][ 17290 7845]],85323,25828,17290,7845
1,19,avg,0.6836212083412823,0.5322394029209636,0.5398730007906474,0.5325460046000712,0.07048213701875161,0.5398730007906474,,,,,
