client,round,class,accuracy,precision,recall,f1_score,cohen_kappa_score,roc_auc_score,confusion_matrix,TP,FP,FN,TN
4,7,awake,0.8250297169188324,0.8680990648373795,0.9261904976113575,0.8962044049795421,0.34316399408562936,0.6519355113877356,[[ 9493 15642][ 8204 102947]],9493,15642,8204,102947
4,7,asleep,0.8250297169188324,0.5364186020229418,0.37768052516411377,0.44326671647366456,0.34316399408562936,0.6519355113877356,[[ 102947 8204][ 15642 9493]],102947,8204,15642,9493
4,7,avg,0.8250297169188324,0.7022588334301607,0.6519355113877356,0.6697355607266033,0.34316399408562936,0.6519355113877356,,,,,
