client,round,class,accuracy,precision,recall,f1_score,cohen_kappa_score,roc_auc_score,confusion_matrix,TP,FP,FN,TN
7,3,awake,0.8185800449055662,0.8277834246097365,0.9818175275076247,0.8982447476181658,0.11522159169692658,0.5392676258982325,[[ 2431 22704][ 2021 109130]],2431,22704,2021,109130
7,3,asleep,0.8185800449055662,0.5460467205750225,0.09671772428884026,0.16432892824551323,0.11522159169692658,0.5392676258982324,[[ 109130 2021][ 22704 2431]],109130,2021,22704,2431
7,3,avg,0.8185800449055662,0.6869150725923795,0.5392676258982325,0.5312868379318395,0.11522159169692658,0.5392676258982325,,,,,
