client,round,class,accuracy,precision,recall,f1_score,cohen_kappa_score,roc_auc_score,confusion_matrix,TP,FP,FN,TN
4,11,awake,0.8315747765727954,0.863558043480053,0.9423846838984804,0.9012510324889867,0.33649769047616074,0.6419701418298847,[[ 8585 16550][ 6404 104747]],8585,16550,6404,104747
4,11,asleep,0.8315747765727954,0.5727533524584696,0.341555599761289,0.4279234373442329,0.33649769047616074,0.6419701418298848,[[ 104747 6404][ 16550 8585]],104747,6404,16550,8585
4,11,avg,0.8315747765727954,0.7181556979692614,0.6419701418298847,0.6645872349166098,0.33649769047616074,0.6419701418298847,,,,,
