client,round,class,accuracy,precision,recall,f1_score,cohen_kappa_score,roc_auc_score,confusion_matrix,TP,FP,FN,TN
10,2,awake,0.7161263812864124,0.8994696744175791,0.7339655063832085,0.8083329204855091,0.28231863208208285,0.6856022081349104,[[ 16017 9118][ 29570 81581]],16017,9118,29570,81581
10,2,asleep,0.7161263812864124,0.3513501656173909,0.6372389098866122,0.4529566471536438,0.28231863208208285,0.6856022081349104,[[ 81581 29570][ 9118 16017]],81581,29570,9118,16017
10,2,avg,0.7161263812864124,0.625409920017485,0.6856022081349104,0.6306447838195764,0.28231863208208285,0.6856022081349104,,,,,
