client,round,class,accuracy,precision,recall,f1_score,cohen_kappa_score,roc_auc_score,confusion_matrix,TP,FP,FN,TN
3,20,awake,0.8251984796677575,0.8707754492034917,0.922582792777393,0.8959308040102222,0.3530760024717151,0.6585661129194305,[[ 9917 15218][ 8605 102546]],9917,15218,8605,102546
3,20,asleep,0.8251984796677575,0.5354173415397905,0.39454943306146806,0.454314313855739,0.3530760024717151,0.6585661129194305,[[ 102546 8605][ 15218 9917]],102546,8605,15218,9917
3,20,avg,0.8251984796677575,0.7030963953716411,0.6585661129194305,0.6751225589329806,0.3530760024717151,0.6585661129194305,,,,,
