client,round,class,accuracy,precision,recall,f1_score,cohen_kappa_score,roc_auc_score,confusion_matrix,TP,FP,FN,TN
14,22,awake,0.8286764597977782,0.8686805065672344,0.9306169085298378,0.8985827031581874,0.3513621941613103,0.6542481797473139,[[ 9498 15637][ 7712 103439]],9498,15637,7712,103439
14,22,asleep,0.8286764597977782,0.5518884369552586,0.37787945096479014,0.4486007793127878,0.3513621941613103,0.654248179747314,[[ 103439 7712][ 15637 9498]],103439,7712,15637,9498
14,22,avg,0.8286764597977782,0.7102844717612464,0.654248179747314,0.6735917412354876,0.3513621941613103,0.6542481797473139,,,,,
