client,round,class,accuracy,precision,recall,f1_score,cohen_kappa_score,roc_auc_score,confusion_matrix,TP,FP,FN,TN
17,1,awake,0.80408846103048,0.8202225036591008,0.9730636701424189,0.8901297867612566,0.04392046588530252,0.5149583319878596,[[ 1429 23706][ 2994 108157]],1429,23706,2994,108157
17,1,asleep,0.80408846103048,0.3230838797196473,0.056852993833300176,0.09669125109953311,0.04392046588530252,0.5149583319878596,[[ 108157 2994][ 23706 1429]],108157,2994,23706,1429
17,1,avg,0.80408846103048,0.571653191689374,0.5149583319878596,0.4934105189303949,0.04392046588530252,0.5149583319878596,,,,,
