client,round,class,accuracy,precision,recall,f1_score,cohen_kappa_score,roc_auc_score,confusion_matrix,TP,FP,FN,TN
2,12,awake,0.833475191875908,0.9084218302705698,0.8850392709017463,0.8965781235047234,0.4697985960578325,0.7452449189201391,[[ 15218 9917][ 12778 98373]],15218,9917,12778,98373
2,12,asleep,0.833475191875908,0.5435776539505643,0.6054505669385319,0.5728482430219646,0.4697985960578325,0.7452449189201391,[[ 98373 12778][ 9917 15218]],98373,12778,9917,15218
2,12,avg,0.833475191875908,0.7259997421105671,0.7452449189201391,0.734713183263344,0.4697985960578325,0.7452449189201391,,,,,
