client,round,class,accuracy,precision,recall,f1_score,cohen_kappa_score,roc_auc_score,confusion_matrix,TP,FP,FN,TN
2,9,awake,0.8327267657719795,0.9084714106072934,0.8839596584826047,0.8960479336807977,0.4684971605193071,0.7450631791517857,[[ 15236 9899][ 12898 98253]],15236,9899,12898,98253
2,9,asleep,0.8327267657719795,0.5415511480770598,0.6061666998209668,0.5720400232780792,0.4684971605193071,0.7450631791517858,[[ 98253 12898][ 9899 15236]],98253,12898,9899,15236
2,9,avg,0.8327267657719795,0.7250112793421766,0.7450631791517858,0.7340439784794385,0.4684971605193071,0.7450631791517857,,,,,
