client,round,class,accuracy,precision,recall,f1_score,cohen_kappa_score,roc_auc_score,confusion_matrix,TP,FP,FN,TN
4,0,awake,0.8155716654682066,0.8155716654682066,1.0,0.8984185873575901,0.0,0.5,[[ 0 25135][ 0 111151]],0,25135,0,111151
4,0,asleep,0.8155716654682066,0.0,0.0,0.0,0.0,0.5,[[ 111151 0][ 25135 0]],111151,0,25135,0
4,0,avg,0.8155716654682066,0.4077858327341033,0.5,0.44920929367879503,0.0,0.5,,,,,
