client,round,class,accuracy,precision,recall,f1_score,cohen_kappa_score,roc_auc_score,confusion_matrix,TP,FP,FN,TN
14,14,awake,0.826974157286882,0.8620989083691697,0.937868305278405,0.8983888551348509,0.3230298991774361,0.6372253800113927,[[ 8460 16675][ 6906 104245]],8460,16675,6906,104245
14,14,asleep,0.826974157286882,0.5505661850839516,0.33658245474438037,0.4177674625317894,0.3230298991774361,0.6372253800113926,[[ 104245 6906][ 16675 8460]],104245,6906,16675,8460
14,14,avg,0.826974157286882,0.7063325467265607,0.6372253800113927,0.6580781588333202,0.3230298991774361,0.6372253800113927,,,,,
