client,round,class,accuracy,precision,recall,f1_score,cohen_kappa_score,roc_auc_score,confusion_matrix,TP,FP,FN,TN
4,19,awake,0.822182762719575,0.8484569064361714,0.952011227969159,0.8972560923906592,0.2528832435108468,0.6000358507062823,[[ 6235 18900][ 5334 105817]],6235,18900,5334,105817
4,19,asleep,0.822182762719575,0.5389402714149883,0.24806047344340562,0.3397449869224063,0.2528832435108468,0.6000358507062823,[[ 105817 5334][ 18900 6235]],105817,5334,18900,6235
4,19,avg,0.822182762719575,0.6936985889255799,0.6000358507062823,0.6185005396565327,0.2528832435108468,0.6000358507062823,,,,,
