client,round,class,accuracy,precision,recall,f1_score,cohen_kappa_score,roc_auc_score,confusion_matrix,TP,FP,FN,TN
9,28,awake,0.8328808534992589,0.8603994877943347,0.949078280897158,0.9025659014878634,0.3255234624998732,0.6340577400109423,[[ 8019 17116][ 5660 105491]],8019,17116,5660,105491
9,28,asleep,0.8328808534992589,0.5862270633818262,0.3190371991247265,0.41320142216725925,0.3255234624998732,0.6340577400109422,[[ 105491 5660][ 17116 8019]],105491,5660,17116,8019
9,28,avg,0.8328808534992589,0.7233132755880805,0.6340577400109422,0.6578836618275613,0.3255234624998732,0.6340577400109422,,,,,
