client,round,class,accuracy,precision,recall,f1_score,cohen_kappa_score,roc_auc_score,confusion_matrix,TP,FP,FN,TN
12,25,awake,0.8181251192345509,0.826019992148099,0.9843186296119693,0.8982483795355559,0.10044722430030772,0.5337546997274089,[[ 2091 23044][ 1743 109408]],2091,23044,1743,109408
12,25,asleep,0.8181251192345509,0.5453834115805947,0.08319076984284862,0.14436121371120852,0.10044722430030772,0.533754699727409,[[ 109408 1743][ 23044 2091]],109408,1743,23044,2091
12,25,avg,0.8181251192345509,0.6857017018643468,0.533754699727409,0.5213047966233822,0.10044722430030772,0.533754699727409,,,,,
