client,round,class,accuracy,precision,recall,f1_score,cohen_kappa_score,roc_auc_score,confusion_matrix,TP,FP,FN,TN
15,7,awake,0.5823782340078951,0.8261078708436053,0.6180331261077273,0.7070805842331168,0.029867526813723844,0.5213698552758648,[[ 10675 14460][ 42456 68695]],10675,14460,42456,68695
15,7,asleep,0.5823782340078951,0.20091848450057406,0.4247065844440024,0.2727876728081159,0.029867526813723844,0.5213698552758649,[[ 68695 42456][ 14460 10675]],68695,42456,14460,10675
15,7,avg,0.5823782340078951,0.5135131776720897,0.5213698552758649,0.48993412852061635,0.029867526813723844,0.5213698552758648,,,,,
