client,round,class,accuracy,precision,recall,f1_score,cohen_kappa_score,roc_auc_score,confusion_matrix,TP,FP,FN,TN
10,22,awake,0.7569743040370984,0.9194620049025932,0.7694127808116886,0.8377717803911581,0.36848744337750183,0.7356910731191922,[[ 17644 7491][ 25630 85521]],17644,7491,25630,85521
10,22,asleep,0.7569743040370984,0.40772750381291306,0.7019693654266959,0.5158385592538993,0.36848744337750183,0.7356910731191922,[[ 85521 25630][ 7491 17644]],85521,25630,7491,17644
10,22,avg,0.7569743040370984,0.6635947543577532,0.7356910731191922,0.6768051698225287,0.36848744337750183,0.7356910731191922,,,,,
