client,round,class,accuracy,precision,recall,f1_score,cohen_kappa_score,roc_auc_score,confusion_matrix,TP,FP,FN,TN
14,24,awake,0.8302099995597494,0.8687560229605732,0.9327221527471637,0.899603446630164,0.35423575276896224,0.6548034873542861,[[ 9473 15662][ 7478 103673]],9473,15662,7478,103673
14,24,asleep,0.8302099995597494,0.5588460857766503,0.3768848219614084,0.45017345435536754,0.35423575276896224,0.654803487354286,[[ 103673 7478][ 15662 9473]],103673,7478,15662,9473
14,24,avg,0.8302099995597494,0.7138010543686117,0.6548034873542861,0.6748884504927658,0.35423575276896224,0.6548034873542861,,,,,
