client,round,class,accuracy,precision,recall,f1_score,cohen_kappa_score,roc_auc_score,confusion_matrix,TP,FP,FN,TN
5,7,awake,0.7872488736920887,0.8428366355639386,0.9085568280987125,0.8744636726140738,0.18389848741608894,0.5796812387957259,[[ 6304 18831][ 10164 100987]],6304,18831,10164,100987
5,7,asleep,0.7872488736920887,0.38280301190187027,0.2508056494927392,0.3030550681441242,0.18389848741608894,0.5796812387957259,[[ 100987 10164][ 18831 6304]],100987,10164,18831,6304
5,7,avg,0.7872488736920887,0.6128198237329044,0.5796812387957259,0.588759370379099,0.18389848741608894,0.5796812387957259,,,,,
