client,round,class,accuracy,precision,recall,f1_score,cohen_kappa_score,roc_auc_score,confusion_matrix,TP,FP,FN,TN
10,20,awake,0.7919522181295218,0.9168907283767862,0.8191559230236345,0.8652722210079162,0.4150989277359305,0.7454044982136274,[[ 16882 8253][ 20101 91050]],16882,8253,20101,91050
10,20,asleep,0.7919522181295218,0.4564800043263121,0.6716530734036205,0.5435461540938215,0.4150989277359305,0.7454044982136274,[[ 91050 20101][ 8253 16882]],91050,20101,8253,16882
10,20,avg,0.7919522181295218,0.6866853663515491,0.7454044982136274,0.7044091875508689,0.4150989277359305,0.7454044982136274,,,,,
