client,round,class,accuracy,precision,recall,f1_score,cohen_kappa_score,roc_auc_score,confusion_matrix,TP,FP,FN,TN
13,26,awake,0.8099731447103884,0.9055842586513668,0.856276596701784,0.8802404624277456,0.4221578358710143,0.7307442263397521,[[ 15212 9923][ 15975 95176]],15212,9923,15975,95176
13,26,asleep,0.8099731447103884,0.487767338955334,0.6052118559777203,0.5401796811192784,0.4221578358710143,0.7307442263397521,[[ 95176 15975][ 9923 15212]],95176,15975,9923,15212
13,26,avg,0.8099731447103884,0.6966757988033504,0.7307442263397521,0.710210071773512,0.4221578358710143,0.7307442263397521,,,,,
