client,round,class,accuracy,precision,recall,f1_score,cohen_kappa_score,roc_auc_score,confusion_matrix,TP,FP,FN,TN
11,14,awake,0.8371732973306135,0.8729416104906597,0.9366897283875089,0.9036928378302136,0.3814492853592819,0.6668927058488171,[[ 9981 15154][ 7037 104114]],9981,15154,7037,104114
11,14,asleep,0.8371732973306135,0.5864966506052415,0.39709568331012535,0.4735606006689915,0.3814492853592819,0.6668927058488171,[[ 104114 7037][ 15154 9981]],104114,7037,15154,9981
11,14,avg,0.8371732973306135,0.7297191305479506,0.6668927058488171,0.6886267192496025,0.3814492853592819,0.6668927058488171,,,,,
