client,round,class,accuracy,precision,recall,f1_score,cohen_kappa_score,roc_auc_score,confusion_matrix,TP,FP,FN,TN
6,13,awake,0.6744273072802782,0.8719173962440687,0.7042581713164974,0.7791707518576213,0.18567710860658038,0.6233843074605164,[[ 13636 11499][ 32872 78279]],13636,11499,32872,78279
6,13,asleep,0.6744273072802782,0.29319686935580974,0.5425104436045355,0.38066524294069204,0.18567710860658038,0.6233843074605163,[[ 78279 32872][ 11499 13636]],78279,32872,11499,13636
6,13,avg,0.6744273072802782,0.5825571327999393,0.6233843074605164,0.5799179973991566,0.18567710860658038,0.6233843074605163,,,,,
