client,round,class,accuracy,precision,recall,f1_score,cohen_kappa_score,roc_auc_score,confusion_matrix,TP,FP,FN,TN
15,14,awake,0.5391529577506127,0.7989955964573747,0.5811373716835656,0.6728716893669106,-0.04457495296508518,0.4673142597427178,[[ 8885 16250][ 46557 64594]],8885,16250,46557,64594
15,14,asleep,0.5391529577506127,0.1602575664658562,0.3534911478018699,0.2205343956712213,-0.04457495296508518,0.46731425974271773,[[ 64594 46557][ 16250 8885]],64594,46557,16250,8885
15,14,avg,0.5391529577506127,0.47962658146161546,0.4673142597427178,0.4467030425190659,-0.04457495296508518,0.4673142597427178,,,,,
