client,round,class,accuracy,precision,recall,f1_score,cohen_kappa_score,roc_auc_score,confusion_matrix,TP,FP,FN,TN
10,14,awake,0.8030905595585753,0.9234253688619266,0.8271540516954413,0.8726425391763244,0.4445327186512028,0.7619159954120731,[[ 17511 7624][ 19212 91939]],17511,7624,19212,91939
10,14,asleep,0.8030905595585753,0.4768401274405686,0.696677939128705,0.5661676743509327,0.4445327186512028,0.7619159954120731,[[ 91939 19212][ 7624 17511]],91939,19212,7624,17511
10,14,avg,0.8030905595585753,0.7001327481512476,0.7619159954120731,0.7194051067636286,0.4445327186512028,0.7619159954120731,,,,,
