client,round,class,accuracy,precision,recall,f1_score,cohen_kappa_score,roc_auc_score,confusion_matrix,TP,FP,FN,TN
2,2,awake,0.7594984077601514,0.8799619911959199,0.8164928790564188,0.8470401568005227,0.2883640696055757,0.6619762982908909,[[ 12755 12380][ 20397 90754]],12755,12380,20397,90754
2,2,asleep,0.7594984077601514,0.3847430019305019,0.507459717525363,0.43766191432051743,0.2883640696055757,0.6619762982908909,[[ 90754 20397][ 12380 12755]],90754,20397,12380,12755
2,2,avg,0.7594984077601514,0.6323524965632109,0.6619762982908909,0.6423510355605201,0.2883640696055757,0.6619762982908909,,,,,
