client,round,class,accuracy,precision,recall,f1_score,cohen_kappa_score,roc_auc_score,confusion_matrix,TP,FP,FN,TN
18,8,awake,0.8192404208796208,0.8227582707832809,0.9920828422596288,0.8995215701309667,0.07252573635260184,0.5234931816231504,[[ 1380 23755][ 880 110271]],1380,23755,880,110271
18,8,asleep,0.8192404208796208,0.6106194690265486,0.05490352098667197,0.1007483117357182,0.07252573635260184,0.5234931816231504,[[ 110271 880][ 23755 1380]],110271,880,23755,1380
18,8,avg,0.8192404208796208,0.7166888699049148,0.5234931816231504,0.5001349409333424,0.07252573635260184,0.5234931816231504,,,,,
