client,round,class,accuracy,precision,recall,f1_score,cohen_kappa_score,roc_auc_score,confusion_matrix,TP,FP,FN,TN
1,12,awake,0.6609923249636793,0.8361923495004917,0.7266871193241626,0.7776034195604248,0.07937936819682834,0.5485832652518963,[[ 9312 15823][ 30379 80772]],9312,15823,30379,80772
1,12,asleep,0.6609923249636793,0.23461238064044745,0.37047941117963,0.2872921358714096,0.07937936819682834,0.5485832652518963,[[ 80772 30379][ 15823 9312]],80772,30379,15823,9312
1,12,avg,0.6609923249636793,0.5354023650704696,0.5485832652518963,0.5324477777159172,0.07937936819682834,0.5485832652518963,,,,,
