client,round,class,accuracy,precision,recall,f1_score,cohen_kappa_score,roc_auc_score,confusion_matrix,TP,FP,FN,TN
10,16,awake,0.8047414994937118,0.9106754235970775,0.8433032541317667,0.8756954208493126,0.42386315344625924,0.7387592459240493,[[ 15941 9194][ 17417 93734]],15941,9194,17417,93734
10,16,asleep,0.8047414994937118,0.47787637148510104,0.6342152377163318,0.5450566734481049,0.42386315344625924,0.7387592459240492,[[ 93734 17417][ 9194 15941]],93734,17417,9194,15941
10,16,avg,0.8047414994937118,0.6942758975410893,0.7387592459240493,0.7103760471487088,0.42386315344625924,0.7387592459240493,,,,,
