client,round,class,accuracy,precision,recall,f1_score,cohen_kappa_score,roc_auc_score,confusion_matrix,TP,FP,FN,TN
4,29,awake,0.8283902968756879,0.8725938882426363,0.9245800757528048,0.8978350893746395,0.3647906364379123,0.6638018739615426,[[ 10130 15005][ 8383 102768]],10130,15005,8383,102768
4,29,asleep,0.8283902968756879,0.5471830605520445,0.4030236721702805,0.4641678885630499,0.3647906364379123,0.6638018739615426,[[ 102768 8383][ 15005 10130]],102768,8383,15005,10130
4,29,avg,0.8283902968756879,0.7098884743973404,0.6638018739615427,0.6810014889688447,0.3647906364379123,0.6638018739615426,,,,,
