client,round,class,accuracy,precision,recall,f1_score,cohen_kappa_score,roc_auc_score,confusion_matrix,TP,FP,FN,TN
9,11,awake,0.8381932113349867,0.8715833548806833,0.9401174978182832,0.904554150327646,0.3785121957540786,0.6637925861878367,[[ 9739 15396][ 6656 104495]],9739,15396,6656,104495
9,11,asleep,0.8381932113349867,0.5940225678560537,0.3874676745573901,0.4690103539609921,0.3785121957540786,0.6637925861878368,[[ 104495 6656][ 15396 9739]],104495,6656,15396,9739
9,11,avg,0.8381932113349867,0.7328029613683684,0.6637925861878367,0.686782252144319,0.3785121957540786,0.6637925861878367,,,,,
