client,round,class,accuracy,precision,recall,f1_score,cohen_kappa_score,roc_auc_score,confusion_matrix,TP,FP,FN,TN
12,29,awake,0.8177142186284725,0.8357556330138181,0.966415056994539,0.8963488666090897,0.17276611281563714,0.5632751632694994,[[ 4025 21110][ 3733 107418]],4025,21110,3733,107418
12,29,asleep,0.8177142186284725,0.5188192833204434,0.16013526954445992,0.24473292189827622,0.17276611281563714,0.5632751632694994,[[ 107418 3733][ 21110 4025]],107418,3733,21110,4025
12,29,avg,0.8177142186284725,0.6772874581671307,0.5632751632694994,0.5705408942536829,0.17276611281563714,0.5632751632694994,,,,,
