client,round,class,accuracy,precision,recall,f1_score,cohen_kappa_score,roc_auc_score,confusion_matrix,TP,FP,FN,TN
3,22,awake,0.8291020354255022,0.8786416135149112,0.9171307500607282,0.8974737092322523,0.38587899929127656,0.6784778476780665,[[ 11055 14080][ 9211 101940]],11055,14080,9211,101940
3,22,asleep,0.8291020354255022,0.5454949175959736,0.43982494529540483,0.48699367855333586,0.38587899929127656,0.6784778476780665,[[ 101940 9211][ 14080 11055]],101940,9211,14080,11055
3,22,avg,0.8291020354255022,0.7120682655554424,0.6784778476780665,0.6922336938927941,0.38587899929127656,0.6784778476780665,,,,,
