client,round,class,accuracy,precision,recall,f1_score,cohen_kappa_score,roc_auc_score,confusion_matrix,TP,FP,FN,TN
4,14,awake,0.8250810794945923,0.862567271277656,0.9344045487669926,0.8970499958973738,0.3219137338600013,0.6380198594242761,[[ 8587 16548][ 7291 103860]],8587,16548,7291,103860
4,14,asleep,0.8250810794945923,0.5408111852878196,0.3416351700815596,0.41874527588813304,0.3219137338600013,0.6380198594242762,[[ 103860 7291][ 16548 8587]],103860,7291,16548,8587
4,14,avg,0.8250810794945923,0.7016892282827378,0.6380198594242761,0.6578976358927534,0.3219137338600013,0.6380198594242761,,,,,
