client,round,class,accuracy,precision,recall,f1_score,cohen_kappa_score,roc_auc_score,confusion_matrix,TP,FP,FN,TN
11,22,awake,0.8360286456422523,0.855443483829651,0.9614128527858499,0.9053378009158262,0.3083260425063157,0.6214862155315762,[[ 7077 18058][ 4289 106862]],7077,18058,4289,106862
11,22,asleep,0.8360286456422523,0.6226464895301778,0.28155957827730255,0.387770198076765,0.3083260425063157,0.6214862155315761,[[ 106862 4289][ 18058 7077]],106862,4289,18058,7077
11,22,avg,0.8360286456422523,0.7390449866799144,0.6214862155315762,0.6465539994962956,0.3083260425063157,0.6214862155315761,,,,,
