client,round,class,accuracy,precision,recall,f1_score,cohen_kappa_score,roc_auc_score,confusion_matrix,TP,FP,FN,TN
14,18,awake,0.8294175483908839,0.867668833287324,0.9331629944849799,0.8992249406134586,0.3488592657338435,0.6519007731525754,[[ 9316 15819][ 7429 103722]],9316,15819,7429,103722
14,18,asleep,0.8294175483908839,0.5563451776649746,0.3706385518201711,0.44489016236867235,0.3488592657338435,0.6519007731525754,[[ 103722 7429][ 15819 9316]],103722,7429,15819,9316
14,18,avg,0.8294175483908839,0.7120070054761494,0.6519007731525754,0.6720575514910655,0.3488592657338435,0.6519007731525754,,,,,
