client,round,class,accuracy,precision,recall,f1_score,cohen_kappa_score,roc_auc_score,confusion_matrix,TP,FP,FN,TN
9,8,awake,0.8355223573954772,0.868045359148562,0.9414400230317316,0.9032542080276218,0.3607720486413023,0.6542887403799995,[[ 9228 15907][ 6509 104642]],9228,15907,6509,104642
9,8,asleep,0.8355223573954772,0.5863887653301137,0.36713745772826734,0.451556077510276,0.3607720486413023,0.6542887403799995,[[ 104642 6509][ 15907 9228]],104642,6509,15907,9228
9,8,avg,0.8355223573954772,0.7272170622393379,0.6542887403799995,0.6774051427689489,0.3607720486413023,0.6542887403799995,,,,,
