client,round,class,accuracy,precision,recall,f1_score,cohen_kappa_score,roc_auc_score,confusion_matrix,TP,FP,FN,TN
5,15,awake,0.7621032241022555,0.8466069683281824,0.8650394508371495,0.8557239611609011,0.17859556676935862,0.5859710880603094,[[ 7714 17421][ 15001 96150]],7714,17421,15001,96150
5,15,asleep,0.7621032241022555,0.3395993836671803,0.3069027252834693,0.3224242424242425,0.17859556676935862,0.5859710880603094,[[ 96150 15001][ 17421 7714]],96150,15001,17421,7714
5,15,avg,0.7621032241022555,0.5931031759976814,0.5859710880603094,0.5890741017925718,0.17859556676935862,0.5859710880603094,,,,,
