client,round,class,accuracy,precision,recall,f1_score,cohen_kappa_score,roc_auc_score,confusion_matrix,TP,FP,FN,TN
13,29,awake,0.8114993469615368,0.9018177030928223,0.8628082518375904,0.8818817990381345,0.41657823611879297,0.7237056974326205,[[ 14694 10441][ 15249 95902]],14694,10441,15249,95902
13,29,asleep,0.8114993469615368,0.4907323915439335,0.5846031430276507,0.5335705726424343,0.41657823611879297,0.7237056974326205,[[ 95902 15249][ 10441 14694]],95902,15249,10441,14694
13,29,avg,0.8114993469615368,0.6962750473183779,0.7237056974326206,0.7077261858402843,0.41657823611879297,0.7237056974326205,,,,,
