client,round,class,accuracy,precision,recall,f1_score,cohen_kappa_score,roc_auc_score,confusion_matrix,TP,FP,FN,TN
13,15,awake,0.8093861438445622,0.8968216252480922,0.8659031407724627,0.8810912253398636,0.4016674752277468,0.7126810312973115,[[ 14062 11073][ 14905 96246]],14062,11073,14905,96246
13,15,asleep,0.8093861438445622,0.4854489591604239,0.5594589218221603,0.5198329082104173,0.4016674752277468,0.7126810312973114,[[ 96246 14905][ 11073 14062]],96246,14905,11073,14062
13,15,avg,0.8093861438445622,0.6911352922042581,0.7126810312973115,0.7004620667751404,0.4016674752277468,0.7126810312973115,,,,,
