client,round,class,accuracy,precision,recall,f1_score,cohen_kappa_score,roc_auc_score,confusion_matrix,TP,FP,FN,TN
14,27,awake,0.8269374697327678,0.8650275547551753,0.9334508911300843,0.8979376357672635,0.33466433297212583,0.6446844668501028,[[ 8946 16189][ 7397 103754]],8946,16189,7397,103754
14,27,asleep,0.8269374697327678,0.5473903200146852,0.35591804257012133,0.4313612035295819,0.33466433297212583,0.6446844668501028,[[ 103754 7397][ 16189 8946]],103754,7397,16189,8946
14,27,avg,0.8269374697327678,0.7062089373849303,0.6446844668501028,0.6646494196484227,0.33466433297212583,0.6446844668501028,,,,,
