client,round,class,accuracy,precision,recall,f1_score,cohen_kappa_score,roc_auc_score,confusion_matrix,TP,FP,FN,TN
8,23,awake,0.8011681317229943,0.8305451342189503,0.9500409353042257,0.886283330675552,0.12319936964907963,0.5464348300949218,[[ 3590 21545][ 5553 105598]],3590,21545,5553,105598
8,23,asleep,0.8011681317229943,0.3926501148419556,0.14282872488561765,0.2094637960207713,0.12319936964907963,0.5464348300949218,[[ 105598 5553][ 21545 3590]],105598,5553,21545,3590
8,23,avg,0.8011681317229943,0.611597624530453,0.5464348300949217,0.5478735633481616,0.12319936964907963,0.5464348300949218,,,,,
