client,round,class,accuracy,precision,recall,f1_score,cohen_kappa_score,roc_auc_score,confusion_matrix,TP,FP,FN,TN
5,17,awake,0.7507667698809856,0.8452804867137872,0.8499878543602847,0.8476276349020505,0.16354146788385215,0.5809915400705342,[[ 7842 17293][ 16674 94477]],7842,17293,16674,94477
5,17,asleep,0.7507667698809856,0.31987273617229567,0.31199522578078376,0.315884876437534,0.16354146788385215,0.5809915400705342,[[ 94477 16674][ 17293 7842]],94477,16674,17293,7842
5,17,avg,0.7507667698809856,0.5825766114430414,0.5809915400705342,0.5817562556697923,0.16354146788385215,0.5809915400705342,,,,,
