client,round,class,accuracy,precision,recall,f1_score,cohen_kappa_score,roc_auc_score,confusion_matrix,TP,FP,FN,TN
13,12,awake,0.8161733413556785,0.8948145566601856,0.877787874153179,0.8862194407480914,0.40820135786790834,0.7107459362808863,[[ 13666 11469][ 13584 97567]],13666,11469,13584,97567
13,12,asleep,0.8161733413556785,0.5015045871559634,0.5437039984085936,0.5217524100410423,0.40820135786790834,0.7107459362808863,[[ 97567 13584][ 11469 13666]],97567,13584,11469,13666
13,12,avg,0.8161733413556785,0.6981595719080744,0.7107459362808863,0.7039859253945668,0.40820135786790834,0.7107459362808863,,,,,
