client,round,class,accuracy,precision,recall,f1_score,cohen_kappa_score,roc_auc_score,confusion_matrix,TP,FP,FN,TN
7,15,awake,0.8226010008364762,0.8413422291993721,0.9643368030876915,0.8986506030157073,0.21358576250561256,0.5800796806367442,[[ 4922 20213][ 3964 107187]],4922,20213,3964,107187
7,15,asleep,0.8226010008364762,0.5539050191312176,0.1958225581857967,0.28935069515887246,0.21358576250561256,0.5800796806367441,[[ 107187 3964][ 20213 4922]],107187,3964,20213,4922
7,15,avg,0.8226010008364762,0.6976236241652949,0.5800796806367441,0.5940006490872899,0.21358576250561256,0.5800796806367441,,,,,
