client,round,class,accuracy,precision,recall,f1_score,cohen_kappa_score,roc_auc_score,confusion_matrix,TP,FP,FN,TN
6,20,awake,0.7077542814375651,0.8803190922082631,0.7426293960468192,0.8056335003928421,0.23363345583235773,0.6480801645044122,[[ 13913 11222][ 28607 82544]],13913,11222,28607,82544
6,20,asleep,0.7077542814375651,0.3272107243650047,0.5535309329620052,0.4112925873919148,0.23363345583235773,0.6480801645044122,[[ 82544 28607][ 11222 13913]],82544,28607,11222,13913
6,20,avg,0.7077542814375651,0.6037649082866339,0.6480801645044122,0.6084630438923785,0.23363345583235773,0.6480801645044122,,,,,
