client,round,class,accuracy,precision,recall,f1_score,cohen_kappa_score,roc_auc_score,confusion_matrix,TP,FP,FN,TN
17,7,awake,0.8152047899270651,0.8325107528545348,0.968205414256282,0.8952453841002583,0.14812981980067097,0.5534084560837806,[[ 3484 21651][ 3534 107617]],3484,21651,3534,107617
17,7,asleep,0.8152047899270651,0.4964377315474494,0.13861149791127908,0.21671383696700156,0.14812981980067097,0.5534084560837806,[[ 107617 3534][ 21651 3484]],107617,3534,21651,3484
17,7,avg,0.8152047899270651,0.6644742422009922,0.5534084560837805,0.55597961053363,0.14812981980067097,0.5534084560837806,,,,,
