client,round,class,accuracy,precision,recall,f1_score,cohen_kappa_score,roc_auc_score,confusion_matrix,TP,FP,FN,TN
6,5,awake,0.7372657499669812,0.8593079373557408,0.8105640075212999,0.8342245494150382,0.20390227419435714,0.6118465551829695,[[ 10384 14751][ 21056 90095]],10384,14751,21056,90095
6,5,asleep,0.7372657499669812,0.3302798982188295,0.41312910284463894,0.36708793636765363,0.20390227419435714,0.6118465551829694,[[ 90095 21056][ 14751 10384]],90095,21056,14751,10384
6,5,avg,0.7372657499669812,0.5947939177872852,0.6118465551829694,0.6006562428913459,0.20390227419435714,0.6118465551829695,,,,,
