client,round,class,accuracy,precision,recall,f1_score,cohen_kappa_score,roc_auc_score,confusion_matrix,TP,FP,FN,TN
11,8,awake,0.8339154425252777,0.8536226788967368,0.9611789367617025,0.9042135865632418,0.29616717211015964,0.6161574015417822,[[ 6815 18320][ 4315 106836]],6815,18320,4315,106836
11,8,asleep,0.8339154425252777,0.6123090745732255,0.27113586632186193,0.37584447814697364,0.29616717211015964,0.6161574015417822,[[ 106836 4315][ 18320 6815]],106836,4315,18320,6815
11,8,avg,0.8339154425252777,0.7329658767349811,0.6161574015417822,0.6400290323551077,0.29616717211015964,0.6161574015417822,,,,,
