client,round,class,accuracy,precision,recall,f1_score,cohen_kappa_score,roc_auc_score,confusion_matrix,TP,FP,FN,TN
12,7,awake,0.8197687216588645,0.8234467919792009,0.9916240069814937,0.8997440847663091,0.07904416152404692,0.525710551332402,[[ 1503 23632][ 931 110220]],1503,23632,931,110220
12,7,asleep,0.8197687216588645,0.6175020542317173,0.059797095683310125,0.10903551089992382,0.07904416152404692,0.5257105513324019,[[ 110220 931][ 23632 1503]],110220,931,23632,1503
12,7,avg,0.8197687216588645,0.7204744231054592,0.5257105513324019,0.5043897978331164,0.07904416152404692,0.5257105513324019,,,,,
