client,round,class,accuracy,precision,recall,f1_score,cohen_kappa_score,roc_auc_score,confusion_matrix,TP,FP,FN,TN
9,6,awake,0.8353389196249065,0.8642223682049598,0.9468650754379178,0.9036581648642731,0.34555960847224665,0.644508726300618,[[ 8600 16535][ 5906 105245]],8600,16535,5906,105245
9,6,asleep,0.8353389196249065,0.5928581276713084,0.3421523771633181,0.43389420044903004,0.34555960847224665,0.6445087263006178,[[ 105245 5906][ 16535 8600]],105245,5906,16535,8600
9,6,avg,0.8353389196249065,0.7285402479381341,0.644508726300618,0.6687761826566516,0.34555960847224665,0.644508726300618,,,,,
