client,round,class,accuracy,precision,recall,f1_score,cohen_kappa_score,roc_auc_score,confusion_matrix,TP,FP,FN,TN
12,12,awake,0.816320091572135,0.8219268208801233,0.989068924256192,0.8977848553520753,0.06359373889009112,0.520732990077171,[[ 1317 23818][ 1215 109936]],1317,23818,1215,109936
12,12,asleep,0.816320091572135,0.5201421800947867,0.05239705589814999,0.0952036722449127,0.06359373889009112,0.5207329900771709,[[ 109936 1215][ 23818 1317]],109936,1215,23818,1317
12,12,avg,0.816320091572135,0.6710345004874549,0.520732990077171,0.496494263798494,0.06359373889009112,0.5207329900771709,,,,,
