client,round,class,accuracy,precision,recall,f1_score,cohen_kappa_score,roc_auc_score,confusion_matrix,TP,FP,FN,TN
11,4,awake,0.8361974083911774,0.8710990048545717,0.9379492762098407,0.9032889720662647,0.3731878317011278,0.6620918054015188,[[ 9708 15427][ 6897 104254]],9708,15427,6897,104254
11,4,asleep,0.8361974083911774,0.584643179765131,0.3862343345931967,0.46516530905606135,0.3731878317011278,0.6620918054015187,[[ 104254 6897][ 15427 9708]],104254,6897,15427,9708
11,4,avg,0.8361974083911774,0.7278710923098514,0.6620918054015187,0.6842271405611631,0.3731878317011278,0.6620918054015188,,,,,
