client,round,class,accuracy,precision,recall,f1_score,cohen_kappa_score,roc_auc_score,confusion_matrix,TP,FP,FN,TN
9,10,awake,0.8372099848847278,0.8621852023742641,0.952676988960963,0.9051750666757847,0.34040652690969,0.6396366842556953,[[ 8209 16926][ 5260 105891]],8209,16926,5260,105891
9,10,asleep,0.8372099848847278,0.6094736060583562,0.3265963795504277,0.4252927157807481,0.34040652690969,0.6396366842556953,[[ 105891 5260][ 16926 8209]],105891,5260,16926,8209
9,10,avg,0.8372099848847278,0.7358294042163102,0.6396366842556953,0.6652338912282665,0.34040652690969,0.6396366842556953,,,,,
