client,round,class,accuracy,precision,recall,f1_score,cohen_kappa_score,roc_auc_score,confusion_matrix,TP,FP,FN,TN
18,16,awake,0.8244133660097148,0.8363268989025735,0.9756457431781991,0.9006303515517944,0.18362578365559856,0.5656426448136868,[[ 3912 21223][ 2707 108444]],3912,21223,2707,108444
18,16,asleep,0.8244133660097148,0.5910258347182353,0.15563954644917447,0.24639415506707818,0.18362578365559856,0.5656426448136869,[[ 108444 2707][ 21223 3912]],108444,2707,21223,3912
18,16,avg,0.8244133660097148,0.7136763668104045,0.5656426448136868,0.5735122533094363,0.18362578365559856,0.5656426448136869,,,,,
