client,round,class,accuracy,precision,recall,f1_score,cohen_kappa_score,roc_auc_score,confusion_matrix,TP,FP,FN,TN
11,20,awake,0.8324772904040033,0.8664182943626678,0.9394337432861602,0.9014499134541091,0.34930071351660685,0.6494662251342279,[[ 9036 16099][ 6732 104419]],9036,16099,6732,104419
11,20,asleep,0.8324772904040033,0.5730593607305936,0.3594987069822956,0.4418257829499059,0.34930071351660685,0.6494662251342279,[[ 104419 6732][ 16099 9036]],104419,6732,16099,9036
11,20,avg,0.8324772904040033,0.7197388275466308,0.6494662251342279,0.6716378482020074,0.34930071351660685,0.6494662251342279,,,,,
