client,round,class,accuracy,precision,recall,f1_score,cohen_kappa_score,roc_auc_score,confusion_matrix,TP,FP,FN,TN
8,10,awake,0.807896629147528,0.8527541141500191,0.9240042824625959,0.8869505891903329,0.2548956334202549,0.6092271263118629,[[ 7401 17734][ 8447 102704]],7401,17734,8447,102704
8,10,asleep,0.807896629147528,0.46699899040888443,0.2944499701611299,0.3611741453773516,0.2548956334202549,0.6092271263118629,[[ 102704 8447][ 17734 7401]],102704,8447,17734,7401
8,10,avg,0.807896629147528,0.6598765522794517,0.6092271263118629,0.6240623672838422,0.2548956334202549,0.6092271263118629,,,,,
