client,round,class,accuracy,precision,recall,f1_score,cohen_kappa_score,roc_auc_score,confusion_matrix,TP,FP,FN,TN
16,7,awake,0.8172592929574571,0.8686797872886138,0.914125828827451,0.8908235686073375,0.3328187899269669,0.6515128845748555,[[ 9775 15360][ 9545 101606]],9775,15360,9545,101606
16,7,asleep,0.8172592929574571,0.5059523809523809,0.3888999403222598,0.4397705544933078,0.3328187899269669,0.6515128845748553,[[ 101606 9545][ 15360 9775]],101606,9545,15360,9775
16,7,avg,0.8172592929574571,0.6873160841204974,0.6515128845748553,0.6652970615503226,0.3328187899269669,0.6515128845748555,,,,,
