client,round,class,accuracy,precision,recall,f1_score,cohen_kappa_score,roc_auc_score,confusion_matrix,TP,FP,FN,TN
0,13,awake,0.8130255492126851,0.8823791967577508,0.8892857464170363,0.8858190095531697,0.3700323004394821,0.6825382382373624,[[ 11959 13176][ 12306 98845]],11959,13176,12306,98845
0,13,asleep,0.8130255492126851,0.4928497836389862,0.47579073005768846,0.4841700404858299,0.3700323004394821,0.6825382382373624,[[ 98845 12306][ 13176 11959]],98845,12306,13176,11959
0,13,avg,0.8130255492126851,0.6876144901983685,0.6825382382373624,0.6849945250194998,0.3700323004394821,0.6825382382373624,,,,,
