client,round,class,accuracy,precision,recall,f1_score,cohen_kappa_score,roc_auc_score,confusion_matrix,TP,FP,FN,TN
15,23,awake,0.5854746635751288,0.8075213521329627,0.6456262201869529,0.7175554200121989,-0.025984954820246653,0.4825505280365837,[[ 8030 17105][ 39389 71762]],8030,17105,39389,71762
15,23,asleep,0.5854746635751288,0.1693414032349902,0.31947483588621445,0.2213523720263528,-0.025984954820246653,0.4825505280365837,[[ 71762 39389][ 17105 8030]],71762,39389,17105,8030
15,23,avg,0.5854746635751288,0.4884313776839765,0.4825505280365837,0.46945389601927584,-0.025984954820246653,0.4825505280365837,,,,,
