client,round,class,accuracy,precision,recall,f1_score,cohen_kappa_score,roc_auc_score,confusion_matrix,TP,FP,FN,TN
0,8,awake,0.8229165138018578,0.8662054221481538,0.925884607425934,0.8950513132718733,0.3326787866321218,0.6467298509578446,[[ 9239 15896][ 8238 102913]],9239,15896,8238,102913
0,8,asleep,0.8229165138018578,0.528637638038565,0.36757509448975534,0.4336337182014456,0.3326787866321218,0.6467298509578447,[[ 102913 8238][ 15896 9239]],102913,8238,15896,9239
0,8,avg,0.8229165138018578,0.6974215300933594,0.6467298509578447,0.6643425157366594,0.3326787866321218,0.6467298509578447,,,,,
