client,round,class,accuracy,precision,recall,f1_score,cohen_kappa_score,roc_auc_score,confusion_matrix,TP,FP,FN,TN
17,10,awake,0.8146398015937073,0.8314206996612054,0.9692490395947855,0.8950599847130372,0.13985130487533437,0.5500910007999787,[[ 3291 21844][ 3418 107733]],3291,21844,3418,107733
17,10,asleep,0.8146398015937073,0.4905351021016545,0.13093296200517207,0.20669513880165807,0.13985130487533437,0.5500910007999787,[[ 107733 3418][ 21844 3291]],107733,3418,21844,3291
17,10,avg,0.8146398015937073,0.6609779008814299,0.5500910007999787,0.5508775617573476,0.13985130487533437,0.5500910007999787,,,,,
