client,round,class,accuracy,precision,recall,f1_score,cohen_kappa_score,roc_auc_score,confusion_matrix,TP,FP,FN,TN
14,0,awake,0.8138693629573104,0.8158189261626366,0.996824140133692,0.8972842085656556,0.002640619298772018,0.5008190722550299,[[ 121 25014][ 353 110798]],121,25014,353,110798
14,0,asleep,0.8138693629573104,0.2552742616033755,0.004814004376367615,0.009449802803701822,0.002640619298772018,0.5008190722550299,[[ 110798 353][ 25014 121]],110798,353,25014,121
14,0,avg,0.8138693629573104,0.5355465938830061,0.5008190722550299,0.4533670056846787,0.002640619298772018,0.5008190722550299,,,,,
