client,round,class,accuracy,precision,recall,f1_score,cohen_kappa_score,roc_auc_score,confusion_matrix,TP,FP,FN,TN
16,5,awake,0.8188075077410739,0.8596291273928272,0.9296362605824509,0.8932631378752907,0.3001693246189804,0.6291706268100239,[[ 8262 16873][ 7821 103330]],8262,16873,7821,103330
16,5,asleep,0.8188075077410739,0.5137101287073307,0.328704993037597,0.4008928138192052,0.3001693246189804,0.6291706268100239,[[ 103330 7821][ 16873 8262]],103330,7821,16873,8262
16,5,avg,0.8188075077410739,0.6866696280500789,0.6291706268100239,0.6470779758472479,0.3001693246189804,0.6291706268100239,,,,,
