client,round,class,accuracy,precision,recall,f1_score,cohen_kappa_score,roc_auc_score,confusion_matrix,TP,FP,FN,TN
16,2,awake,0.8164741792994145,0.8548407029338343,0.9334868782107224,0.892434459505952,0.27595294003141635,0.6162560708937042,[[ 7516 17619][ 7393 103758]],7516,17619,7393,103758
16,2,asleep,0.8164741792994145,0.5041250251525924,0.2990252635766859,0.3753870742183598,0.27595294003141635,0.6162560708937042,[[ 103758 7393][ 17619 7516]],103758,7393,17619,7516
16,2,avg,0.8164741792994145,0.6794828640432133,0.6162560708937042,0.633910766862156,0.27595294003141635,0.6162560708937042,,,,,
