client,round,class,accuracy,precision,recall,f1_score,cohen_kappa_score,roc_auc_score,confusion_matrix,TP,FP,FN,TN
18,21,awake,0.8204364351437419,0.8355982995330685,0.9708414679130192,0.8981572420222063,0.17448483755706534,0.5630813665405557,[[ 3904 21231][ 3241 107910]],3904,21231,3241,107910
18,21,asleep,0.8204364351437419,0.5463960811756473,0.1553212651680923,0.24188351920693926,0.17448483755706534,0.5630813665405557,[[ 107910 3241][ 21231 3904]],107910,3241,21231,3904
18,21,avg,0.8204364351437419,0.6909971903543579,0.5630813665405557,0.5700203806145727,0.17448483755706534,0.5630813665405557,,,,,
