client,round,class,accuracy,precision,recall,f1_score,cohen_kappa_score,roc_auc_score,confusion_matrix,TP,FP,FN,TN
0,24,awake,0.7989301909220317,0.870664778259715,0.8849133161195131,0.8777312255433449,0.31235903169633783,0.6518061706915449,[[ 10524 14611][ 12792 98359]],10524,14611,12792,98359
0,24,asleep,0.7989301909220317,0.45136387030365416,0.41869902526357666,0.4344182782605106,0.31235903169633783,0.6518061706915449,[[ 98359 12792][ 14611 10524]],98359,12792,14611,10524
0,24,avg,0.7989301909220317,0.6610143242816846,0.6518061706915449,0.6560747519019278,0.31235903169633783,0.6518061706915449,,,,,
