client,round,class,accuracy,precision,recall,f1_score,cohen_kappa_score,roc_auc_score,confusion_matrix,TP,FP,FN,TN
18,22,awake,0.8168263798189103,0.8354180125625599,0.9656413347608208,0.8958218572120119,0.16962700955706023,0.5621920618502732,[[ 3990 21145][ 3819 107332]],3990,21145,3819,107332
18,22,asleep,0.8168263798189103,0.5109489051094891,0.1587427889397255,0.2422292374939291,0.16962700955706023,0.5621920618502732,[[ 107332 3819][ 21145 3990]],107332,3819,21145,3990
18,22,avg,0.8168263798189103,0.6731834588360245,0.5621920618502732,0.5690255473529705,0.16962700955706023,0.5621920618502732,,,,,
