client,round,class,accuracy,precision,recall,f1_score,cohen_kappa_score,roc_auc_score,confusion_matrix,TP,FP,FN,TN
11,28,awake,0.835573719971237,0.8748120491290906,0.9317235112594578,0.9023713365834107,0.3849593514699914,0.6710537190273815,[[ 10315 14820][ 7589 103562]],10315,14820,7589,103562
11,28,asleep,0.835573719971237,0.5761282394995532,0.41038392679530533,0.479332698250424,0.3849593514699914,0.6710537190273815,[[ 103562 7589][ 14820 10315]],103562,7589,14820,10315
11,28,avg,0.835573719971237,0.7254701443143219,0.6710537190273815,0.6908520174169174,0.3849593514699914,0.6710537190273815,,,,,
