client,round,class,accuracy,precision,recall,f1_score,cohen_kappa_score,roc_auc_score,confusion_matrix,TP,FP,FN,TN
2,28,awake,0.8303494122653831,0.8982176784583371,0.8931993414364243,0.8957014809568705,0.4413966285929918,0.7228081449573209,[[ 13885 11250][ 11871 99280]],13885,11250,11871,99280
2,28,asleep,0.8303494122653831,0.5390976859760832,0.5524169484782177,0.5456760527401703,0.4413966285929918,0.722808144957321,[[ 99280 11871][ 11250 13885]],99280,11871,11250,13885
2,28,avg,0.8303494122653831,0.7186576822172102,0.7228081449573209,0.7206887668485205,0.4413966285929918,0.7228081449573209,,,,,
