client,round,class,accuracy,precision,recall,f1_score,cohen_kappa_score,roc_auc_score,confusion_matrix,TP,FP,FN,TN
11,13,awake,0.8338860924819864,0.8684438376236305,0.9384890824194114,0.9021088179463563,0.35940510619102395,0.654901990980941,[[ 9333 15802][ 6837 104314]],9333,15802,6837,104314
11,13,asleep,0.8338860924819864,0.5771799628942486,0.37131489954247066,0.4519065488439656,0.35940510619102395,0.654901990980941,[[ 104314 6837][ 15802 9333]],104314,6837,15802,9333
11,13,avg,0.8338860924819864,0.7228119002589395,0.654901990980941,0.6770076833951609,0.35940510619102395,0.654901990980941,,,,,
