client,round,class,accuracy,precision,recall,f1_score,cohen_kappa_score,roc_auc_score,confusion_matrix,TP,FP,FN,TN
4,27,awake,0.818293881983476,0.8398039539622226,0.9604052145279844,0.8960648692206964,0.19921040605975193,0.5751299993467454,[[ 4772 20363][ 4401 106750]],4772,20363,4401,106750
4,27,asleep,0.818293881983476,0.5202223918020277,0.18985478416550627,0.27818584586685324,0.19921040605975193,0.5751299993467454,[[ 106750 4401][ 20363 4772]],106750,4401,20363,4772
4,27,avg,0.818293881983476,0.6800131728821251,0.5751299993467454,0.5871253575437748,0.19921040605975193,0.5751299993467454,,,,,
