client,round,class,accuracy,precision,recall,f1_score,cohen_kappa_score,roc_auc_score,confusion_matrix,TP,FP,FN,TN
6,23,awake,0.673113892842992,0.889894507604585,0.6837995159737654,0.7733516483516484,0.22177532723544258,0.6548299350308455,[[ 15731 9404][ 35146 76005]],15731,9404,35146,76005
6,23,asleep,0.673113892842992,0.30919669005641054,0.6258603540879252,0.41390833026364254,0.22177532723544258,0.6548299350308453,[[ 76005 35146][ 9404 15731]],76005,35146,9404,15731
6,23,avg,0.673113892842992,0.5995455988304977,0.6548299350308453,0.5936299893076454,0.22177532723544258,0.6548299350308454,,,,,
