client,round,class,accuracy,precision,recall,f1_score,cohen_kappa_score,roc_auc_score,confusion_matrix,TP,FP,FN,TN
7,1,awake,0.8156964031521946,0.8236878738853982,0.984822448740902,0.8970767806069347,0.0790904000259639,0.5263081808057006,[[ 1704 23431][ 1687 109464]],1704,23431,1687,109464
7,1,asleep,0.8156964031521946,0.5025066352108523,0.06779391287049931,0.11946995723199888,0.0790904000259639,0.5263081808057007,[[ 109464 1687][ 23431 1704]],109464,1687,23431,1704
7,1,avg,0.8156964031521946,0.6630972545481253,0.5263081808057006,0.5082733689194668,0.0790904000259639,0.5263081808057006,,,,,
