client,round,class,accuracy,precision,recall,f1_score,cohen_kappa_score,roc_auc_score,confusion_matrix,TP,FP,FN,TN
7,14,awake,0.8230045639317318,0.8375284088705486,0.9714262579733876,0.8995218101236296,0.19008495385670232,0.5690431468900159,[[ 4189 20946][ 3176 107975]],4189,20946,3176,107975
7,14,asleep,0.8230045639317318,0.5687712152070604,0.16666003580664412,0.2577846153846154,0.19008495385670232,0.5690431468900159,[[ 107975 3176][ 20946 4189]],107975,3176,20946,4189
7,14,avg,0.8230045639317318,0.7031498120388044,0.5690431468900159,0.5786532127541225,0.19008495385670232,0.5690431468900159,,,,,
