client,round,class,accuracy,precision,recall,f1_score,cohen_kappa_score,roc_auc_score,confusion_matrix,TP,FP,FN,TN
12,19,awake,0.8150213521564944,0.8309063046273978,0.9707425034412646,0.8953976631481113,0.13642559009242583,0.5485699785955079,[[ 3177 21958][ 3252 107899]],3177,21958,3252,107899
12,19,asleep,0.8150213521564944,0.49416705552963136,0.12639745374975134,0.20130528450133064,0.13642559009242583,0.5485699785955079,[[ 107899 3252][ 21958 3177]],107899,3252,21958,3177
12,19,avg,0.8150213521564944,0.6625366800785146,0.5485699785955079,0.5483514738247209,0.13642559009242583,0.5485699785955079,,,,,
