client,round,class,accuracy,precision,recall,f1_score,cohen_kappa_score,roc_auc_score,confusion_matrix,TP,FP,FN,TN
6,24,awake,0.6044421290521403,0.8924232868072504,0.5855817761423648,0.7071515875818235,0.17214882287826294,0.6367137048605199,[[ 17289 7846][ 46063 65088]],17289,7846,46063,65088
6,24,asleep,0.6044421290521403,0.2729037757292587,0.6878456335786751,0.39076926554183095,0.17214882287826294,0.63671370486052,[[ 65088 46063][ 7846 17289]],65088,46063,7846,17289
6,24,avg,0.6044421290521403,0.5826635312682545,0.63671370486052,0.5489604265618272,0.17214882287826294,0.63671370486052,,,,,
