client,round,class,accuracy,precision,recall,f1_score,cohen_kappa_score,roc_auc_score,confusion_matrix,TP,FP,FN,TN
0,16,awake,0.7972278884111355,0.8731991563293175,0.8790204316650323,0.8761001241912995,0.3181780682261748,0.657274289832914,[[ 10947 14188][ 13447 97704]],10947,14188,13447,97704
0,16,asleep,0.7972278884111355,0.44875789128474214,0.4355281480007957,0.4420440549980819,0.3181780682261748,0.657274289832914,[[ 97704 13447][ 14188 10947]],97704,13447,14188,10947
0,16,avg,0.7972278884111355,0.6609785238070298,0.657274289832914,0.6590720895946907,0.3181780682261748,0.657274289832914,,,,,
