client,round,class,accuracy,precision,recall,f1_score,cohen_kappa_score,roc_auc_score,confusion_matrix,TP,FP,FN,TN
6,0,awake,0.8109637086714703,0.821142736791431,0.9821414112333672,0.8944550277555869,0.05437034698539556,0.518064936768464,[[ 1357 23778][ 1985 109166]],1357,23778,1985,109166
6,0,asleep,0.8109637086714703,0.40604428485936567,0.053988462303560775,0.09530498296871161,0.05437034698539556,0.5180649367684639,[[ 109166 1985][ 23778 1357]],109166,1985,23778,1357
6,0,avg,0.8109637086714703,0.6135935108253984,0.518064936768464,0.49488000536214927,0.05437034698539556,0.518064936768464,,,,,
