client,round,class,accuracy,precision,recall,f1_score,cohen_kappa_score,roc_auc_score,confusion_matrix,TP,FP,FN,TN
0,6,awake,0.818763482676137,0.8699324758016894,0.91451268994431,0.8916657163659331,0.3396392034210415,0.6549289131042417,[[ 9937 15198][ 9502 101649]],9937,15198,9502,101649
0,6,asleep,0.818763482676137,0.5111888471629199,0.39534513626417345,0.4458653026427963,0.3396392034210415,0.6549289131042418,[[ 101649 9502][ 15198 9937]],101649,9502,15198,9937
0,6,avg,0.818763482676137,0.6905606614823047,0.6549289131042417,0.6687655095043646,0.3396392034210415,0.6549289131042417,,,,,
