client,round,class,accuracy,precision,recall,f1_score,cohen_kappa_score,roc_auc_score,confusion_matrix,TP,FP,FN,TN
3,14,awake,0.8302540246246863,0.8625291408895076,0.9420068195517809,0.9005177514792899,0.3301214378731897,0.6390360336072013,[[ 8447 16688][ 6446 104705]],8447,16688,6446,104705
3,14,asleep,0.8302540246246863,0.5671792117101995,0.33606524766262186,0.42205456180673534,0.3301214378731897,0.6390360336072014,[[ 104705 6446][ 16688 8447]],104705,6446,16688,8447
3,14,avg,0.8302540246246863,0.7148541762998535,0.6390360336072014,0.6612861566430126,0.3301214378731897,0.6390360336072014,,,,,
