client,round,class,accuracy,precision,recall,f1_score,cohen_kappa_score,roc_auc_score,confusion_matrix,TP,FP,FN,TN
6,12,awake,0.6881411150081447,0.9021381289906859,0.6927692958227997,0.7837114388364733,0.25799271388437495,0.6802219266064466,[[ 16782 8353][ 34149 77002]],16782,8353,34149,77002
6,12,asleep,0.6881411150081447,0.3295046239029275,0.6676745573900935,0.4412483895564378,0.25799271388437495,0.6802219266064464,[[ 77002 34149][ 8353 16782]],77002,34149,8353,16782
6,12,avg,0.6881411150081447,0.6158213764468067,0.6802219266064466,0.6124799141964555,0.25799271388437495,0.6802219266064465,,,,,
