client,round,class,accuracy,precision,recall,f1_score,cohen_kappa_score,roc_auc_score,confusion_matrix,TP,FP,FN,TN
10,7,awake,0.8104133953597582,0.9206382076541529,0.8399474588622684,0.8784437335340608,0.4519738586203006,0.7598782450468096,[[ 17087 8048][ 17790 93361]],17087,8048,17790,93361
10,7,asleep,0.8104133953597582,0.48992172491900104,0.6798090312313507,0.5694527761114443,0.4519738586203006,0.7598782450468096,[[ 93361 17790][ 8048 17087]],93361,17790,8048,17087
10,7,avg,0.8104133953597582,0.705279966286577,0.7598782450468096,0.7239482548227525,0.4519738586203006,0.7598782450468096,,,,,
