client,round,class,accuracy,precision,recall,f1_score,cohen_kappa_score,roc_auc_score,confusion_matrix,TP,FP,FN,TN
2,14,awake,0.8319196395814684,0.9004101931174677,0.8926415416865345,0.8965090380088822,0.4494046191423132,0.7280195971810431,[[ 14161 10974][ 11933 99218]],14161,10974,11933,99218
2,14,asleep,0.8319196395814684,0.542691806545566,0.563397652675552,0.5528509242811689,0.4494046191423132,0.7280195971810433,[[ 99218 11933][ 10974 14161]],99218,11933,10974,14161
2,14,avg,0.8319196395814684,0.7215509998315168,0.7280195971810433,0.7246799811450255,0.4494046191423132,0.7280195971810433,,,,,
