client,round,class,accuracy,precision,recall,f1_score,cohen_kappa_score,roc_auc_score,confusion_matrix,TP,FP,FN,TN
6,9,awake,0.6933287351598844,0.9127841923580526,0.6898993261419151,0.78584348307295,0.2809913719689744,0.6991967289153975,[[ 17808 7327][ 34468 76683]],17808,7327,34468,76683
6,9,asleep,0.6933287351598844,0.34065345474022496,0.7084941316888801,0.4600896513415406,0.2809913719689744,0.6991967289153976,[[ 76683 34468][ 7327 17808]],76683,34468,7327,17808
6,9,avg,0.6933287351598844,0.6267188235491388,0.6991967289153975,0.6229665672072453,0.2809913719689744,0.6991967289153975,,,,,
