client,round,class,accuracy,precision,recall,f1_score,cohen_kappa_score,roc_auc_score,confusion_matrix,TP,FP,FN,TN
18,4,awake,0.8232687143213536,0.8294397650994014,0.9860729997930743,0.9009996218535752,0.13207009975844186,0.5446975303321847,[[ 2597 22538][ 1548 109603]],2597,22538,1548,109603
18,4,asleep,0.8232687143213536,0.6265379975874548,0.103322060871295,0.17739071038251367,0.13207009975844186,0.5446975303321846,[[ 109603 1548][ 22538 2597]],109603,1548,22538,2597
18,4,avg,0.8232687143213536,0.7279888813434281,0.5446975303321846,0.5391951661180444,0.13207009975844186,0.5446975303321846,,,,,
