client,round,class,accuracy,precision,recall,f1_score,cohen_kappa_score,roc_auc_score,confusion_matrix,TP,FP,FN,TN
11,3,awake,0.8304301248844342,0.8493829120203182,0.9628163489307339,0.9025494842839432,0.2693667453187135,0.6039066825218619,[[ 6158 18977][ 4133 107018]],6158,18977,4133,107018
11,3,asleep,0.8304301248844342,0.5983869400446993,0.24499701611298985,0.3476542652289279,0.2693667453187135,0.6039066825218619,[[ 107018 4133][ 18977 6158]],107018,4133,18977,6158
11,3,avg,0.8304301248844342,0.7238849260325088,0.6039066825218619,0.6251018747564355,0.2693667453187135,0.6039066825218619,,,,,
