client,round,class,accuracy,precision,recall,f1_score,cohen_kappa_score,roc_auc_score,confusion_matrix,TP,FP,FN,TN
6,14,awake,0.625970385806319,0.9037790541628643,0.6058964831625446,0.7254493259437594,0.20501520918261773,0.660318442496331,[[ 17965 7170][ 43805 67346]],17965,7170,43805,67346
6,14,asleep,0.625970385806319,0.2908369758782581,0.7147404018301173,0.4134399631781831,0.20501520918261773,0.660318442496331,[[ 67346 43805][ 7170 17965]],67346,43805,7170,17965
6,14,avg,0.625970385806319,0.5973080150205612,0.660318442496331,0.5694446445609713,0.20501520918261773,0.660318442496331,,,,,
