client,round,class,accuracy,precision,recall,f1_score,cohen_kappa_score,roc_auc_score,confusion_matrix,TP,FP,FN,TN
15,18,awake,0.6328896585122463,0.8190892859007424,0.7057516351629765,0.7582084070326016,0.013287876815799016,0.5082169753296482,[[ 7809 17326][ 32706 78445]],7809,17326,32706,78445
15,18,asleep,0.6328896585122463,0.19274342835986671,0.31068231549631986,0.23789794364051792,0.013287876815799016,0.5082169753296482,[[ 78445 32706][ 17326 7809]],78445,32706,17326,7809
15,18,avg,0.6328896585122463,0.5059163571303046,0.5082169753296482,0.4980531753365598,0.013287876815799016,0.5082169753296482,,,,,
