client,round,class,accuracy,precision,recall,f1_score,cohen_kappa_score,roc_auc_score,confusion_matrix,TP,FP,FN,TN
17,0,awake,0.8114406468749541,0.8154387933643901,0.9937112576585005,0.8957915994193072,-0.0014026697880809014,0.49956101971844863,[[ 136 24999][ 699 110452]],136,24999,699,110452
17,0,asleep,0.8114406468749541,0.162874251497006,0.005410781778396658,0.010473623411628802,-0.0014026697880809014,0.4995610197184486,[[ 110452 699][ 24999 136]],110452,699,24999,136
17,0,avg,0.8114406468749541,0.489156522430698,0.49956101971844863,0.453132611415468,-0.0014026697880809014,0.4995610197184486,,,,,
