client,round,class,accuracy,precision,recall,f1_score,cohen_kappa_score,roc_auc_score,confusion_matrix,TP,FP,FN,TN
15,27,awake,0.563308043379364,0.8036911567506528,0.6147043211487077,0.6966074478117912,-0.03513383439529161,0.47536489182559716,[[ 8446 16689][ 42826 68325]],8446,16689,42826,68325
15,27,asleep,0.563308043379364,0.16472928694024028,0.33602546250248655,0.2210792204902692,-0.03513383439529161,0.47536489182559705,[[ 68325 42826][ 16689 8446]],68325,42826,16689,8446
15,27,avg,0.563308043379364,0.48421022184544654,0.4753648918255971,0.4588433341510302,-0.03513383439529161,0.4753648918255971,,,,,
