client,round,class,accuracy,precision,recall,f1_score,cohen_kappa_score,roc_auc_score,confusion_matrix,TP,FP,FN,TN
15,21,awake,0.6524661373875527,0.814113359925149,0.7436820181554822,0.7773055114111883,-0.006291726343966575,0.4963884528812024,[[ 6261 18874][ 28490 82661]],6261,18874,28490,82661
15,21,asleep,0.6524661373875527,0.18016747719490087,0.2490948876069226,0.2090972848411983,-0.006291726343966575,0.49638845288120237,[[ 82661 28490][ 18874 6261]],82661,28490,18874,6261
15,21,avg,0.6524661373875527,0.49714041856002494,0.49638845288120237,0.4932013981261933,-0.006291726343966575,0.49638845288120237,,,,,
