client,round,class,accuracy,precision,recall,f1_score,cohen_kappa_score,roc_auc_score,confusion_matrix,TP,FP,FN,TN
10,8,awake,0.8211848612476703,0.9187504222198631,0.8564925191856123,0.8865297760394841,0.4673521999525422,0.760770628003389,[[ 16716 8419][ 15951 95200]],16716,8419,15951,95200
10,8,asleep,0.8211848612476703,0.5117090641932225,0.6650487368211657,0.5783882910625929,0.4673521999525422,0.760770628003389,[[ 95200 15951][ 8419 16716]],95200,15951,8419,16716
10,8,avg,0.8211848612476703,0.7152297432065429,0.760770628003389,0.7324590335510386,0.4673521999525422,0.760770628003389,,,,,
