client,round,class,accuracy,precision,recall,f1_score,cohen_kappa_score,roc_auc_score,confusion_matrix,TP,FP,FN,TN
0,10,awake,0.8201576097324743,0.880468290283767,0.9019352052613112,0.8910724761346062,0.37615156789528004,0.6802295879101463,[[ 11525 13610][ 10900 100251]],11525,13610,10900,100251
0,10,asleep,0.8201576097324743,0.5139353400222966,0.4585239705589815,0.4846509671993272,0.37615156789528004,0.6802295879101463,[[ 100251 10900][ 13610 11525]],100251,10900,13610,11525
0,10,avg,0.8201576097324743,0.6972018151530318,0.6802295879101463,0.6878617216669667,0.37615156789528004,0.6802295879101463,,,,,
