client,round,class,accuracy,precision,recall,f1_score,cohen_kappa_score,roc_auc_score,confusion_matrix,TP,FP,FN,TN
6,21,awake,0.6886253907224513,0.8888662524192726,0.7065523477071731,0.787292485363702,0.23383563925383122,0.6579509301694807,[[ 15316 9819][ 32617 78534]],15316,9819,32617,78534
6,21,asleep,0.6886253907224513,0.3195293430413285,0.6093495126317884,0.41922592653418733,0.23383563925383122,0.6579509301694807,[[ 78534 32617][ 9819 15316]],78534,32617,9819,15316
6,21,avg,0.6886253907224513,0.6041977977303006,0.6579509301694808,0.6032592059489447,0.23383563925383122,0.6579509301694807,,,,,
