client,round,class,accuracy,precision,recall,f1_score,cohen_kappa_score,roc_auc_score,confusion_matrix,TP,FP,FN,TN
16,1,awake,0.8078452665717681,0.8464173006825354,0.9338377522469433,0.887981110607318,0.22413425234900852,0.5922620231296384,[[ 6301 18834][ 7354 103797]],6301,18834,7354,103797
16,1,asleep,0.8078452665717681,0.46144269498352253,0.2506862940123334,0.32487754575921624,0.22413425234900852,0.5922620231296384,[[ 103797 7354][ 18834 6301]],103797,7354,18834,6301
16,1,avg,0.8078452665717681,0.653929997833029,0.5922620231296384,0.6064293281832671,0.22413425234900852,0.5922620231296384,,,,,
