client,round,class,accuracy,precision,recall,f1_score,cohen_kappa_score,roc_auc_score,confusion_matrix,TP,FP,FN,TN
12,9,awake,0.8139133880222473,0.8195063089367914,0.9898426464899102,0.8966565473401111,0.03999182051243533,0.5128843230460293,[[ 903 24232][ 1129 110022]],903,24232,1129,110022
12,9,asleep,0.8139133880222473,0.44438976377952755,0.0359259996021484,0.06647771192991497,0.03999182051243533,0.5128843230460293,[[ 110022 1129][ 24232 903]],110022,1129,24232,903
12,9,avg,0.8139133880222473,0.6319480363581595,0.5128843230460293,0.481567129635013,0.03999182051243533,0.5128843230460293,,,,,
