client,round,class,accuracy,precision,recall,f1_score,cohen_kappa_score,roc_auc_score,confusion_matrix,TP,FP,FN,TN
15,29,awake,0.5833174353932172,0.8037955584366233,0.6470297163318369,0.7169431374112769,-0.038538035494613876,0.47430061507859,[[ 7580 17555][ 39233 71918]],7580,17555,39233,71918
15,29,asleep,0.5833174353932172,0.16192083395637963,0.30157151382534314,0.21070773336298437,-0.038538035494613876,0.47430061507859,[[ 71918 39233][ 17555 7580]],71918,39233,17555,7580
15,29,avg,0.5833174353932172,0.4828581961965015,0.47430061507859,0.4638254353871306,-0.038538035494613876,0.47430061507859,,,,,
