client,round,class,accuracy,precision,recall,f1_score,cohen_kappa_score,roc_auc_score,confusion_matrix,TP,FP,FN,TN
17,18,awake,0.8123725107494534,0.8261731255907553,0.9751059369686282,0.8944825224169449,0.09810640899724055,0.5339225726219707,[[ 2331 22804][ 2767 108384]],2331,22804,2767,108384
17,18,asleep,0.8123725107494534,0.45723813260102003,0.0927392082753133,0.15420236165779116,0.09810640899724055,0.5339225726219708,[[ 108384 2767][ 22804 2331]],108384,2767,22804,2331
17,18,avg,0.8123725107494534,0.6417056290958877,0.5339225726219707,0.524342442037368,0.09810640899724055,0.5339225726219707,,,,,
