client,round,class,accuracy,precision,recall,f1_score,cohen_kappa_score,roc_auc_score,confusion_matrix,TP,FP,FN,TN
17,17,awake,0.8089899182601294,0.829558389667108,0.9638239871885993,0.8916651407454264,0.12186128192569157,0.5440564137255907,[[ 3124 22011][ 4021 107130]],3124,22011,4021,107130
17,17,asleep,0.8089899182601294,0.4372288313505948,0.12428884026258205,0.19355638166047087,0.12186128192569157,0.5440564137255908,[[ 107130 4021][ 22011 3124]],107130,4021,22011,3124
17,17,avg,0.8089899182601294,0.6333936105088515,0.5440564137255907,0.5426107612029486,0.12186128192569157,0.5440564137255908,,,,,
