client,round,class,accuracy,precision,recall,f1_score,cohen_kappa_score,roc_auc_score,confusion_matrix,TP,FP,FN,TN
18,20,awake,0.8189028953817706,0.8231218797644315,0.9908772750582541,0.899242718050254,0.0756698282058772,0.5246409450684149,[[ 1468 23667][ 1014 110137]],1468,23667,1014,110137
18,20,asleep,0.8189028953817706,0.5914585012087027,0.058404615078575695,0.10631132997791216,0.0756698282058772,0.524640945068415,[[ 110137 1014][ 23667 1468]],110137,1014,23667,1468
18,20,avg,0.8189028953817706,0.7072901904865672,0.5246409450684149,0.5027770240140831,0.0756698282058772,0.5246409450684149,,,,,
