client,round,class,accuracy,precision,recall,f1_score,cohen_kappa_score,roc_auc_score,confusion_matrix,TP,FP,FN,TN
15,12,awake,0.5876759168219773,0.8106846062524733,0.6450774172072226,0.718461291809455,-0.015624060685672791,0.4894573479511347,[[ 8391 16744][ 39450 71701]],8391,16744,39450,71701
15,12,asleep,0.5876759168219773,0.17539349093873455,0.33383727869504676,0.22996601622451215,-0.015624060685672791,0.4894573479511347,[[ 71701 39450][ 16744 8391]],71701,39450,16744,8391
15,12,avg,0.5876759168219773,0.49303904859560393,0.48945734795113466,0.47421365401698357,-0.015624060685672791,0.4894573479511347,,,,,
