client,round,class,accuracy,precision,recall,f1_score,cohen_kappa_score,roc_auc_score,confusion_matrix,TP,FP,FN,TN
4,23,awake,0.8159605535418165,0.8368043326837439,0.9619436622252612,0.8950210108653799,0.1778529185652209,0.5661717515423103,[[ 4283 20852][ 4230 106921]],4283,20852,4230,106921
4,23,asleep,0.8159605535418165,0.5031128861740867,0.17039984085935947,0.2545767950546838,0.1778529185652209,0.5661717515423103,[[ 106921 4230][ 20852 4283]],106921,4230,20852,4283
4,23,avg,0.8159605535418165,0.6699586094289153,0.5661717515423104,0.5747989029600318,0.1778529185652209,0.5661717515423103,,,,,
