client,round,class,accuracy,precision,recall,f1_score,cohen_kappa_score,roc_auc_score,confusion_matrix,TP,FP,FN,TN
15,8,awake,0.5684369634445211,0.8267057868780823,0.5957211361121357,0.6924589272455371,0.02943213564347069,0.5217515567172972,[[ 11255 13880][ 44936 66215]],11255,13880,44936,66215
15,8,asleep,0.5684369634445211,0.2002989802637433,0.4477819773224587,0.27678725130954435,0.02943213564347069,0.5217515567172972,[[ 66215 44936][ 13880 11255]],66215,44936,13880,11255
15,8,avg,0.5684369634445211,0.5135023835709128,0.5217515567172972,0.4846230892775407,0.02943213564347069,0.5217515567172972,,,,,
