client,round,class,accuracy,precision,recall,f1_score,cohen_kappa_score,roc_auc_score,confusion_matrix,TP,FP,FN,TN
3,29,awake,0.8211188236502649,0.8671738799275571,0.9218720479347914,0.8936867949047809,0.3334307021929499,0.6487219798058679,[[ 9440 15695][ 8684 102467]],9440,15695,8684,102467
3,29,asleep,0.8211188236502649,0.5208563231074818,0.3755719116769445,0.4364409718208927,0.3334307021929499,0.6487219798058679,[[ 102467 8684][ 15695 9440]],102467,8684,15695,9440
3,29,avg,0.8211188236502649,0.6940151015175194,0.6487219798058679,0.6650638833628368,0.3334307021929499,0.6487219798058679,,,,,
