client,round,class,accuracy,precision,recall,f1_score,cohen_kappa_score,roc_auc_score,confusion_matrix,TP,FP,FN,TN
0,21,awake,0.7901618654887516,0.8689849372010906,0.8745670304360734,0.8717670481041718,0.29471507099950967,0.6457378617467815,[[ 10479 14656][ 13942 97209]],10479,14656,13942,97209
0,21,asleep,0.7901618654887516,0.42909790753859384,0.41690869305748957,0.42291548954717895,0.29471507099950967,0.6457378617467814,[[ 97209 13942][ 14656 10479]],97209,13942,14656,10479
0,21,avg,0.7901618654887516,0.6490414223698422,0.6457378617467815,0.6473412688256754,0.29471507099950967,0.6457378617467815,,,,,
