client,round,class,accuracy,precision,recall,f1_score,cohen_kappa_score,roc_auc_score,confusion_matrix,TP,FP,FN,TN
0,4,awake,0.8171639053167603,0.8634321501723745,0.921584151289687,0.8915609170191655,0.31306261834706495,0.6384924933890249,[[ 8933 16202][ 8716 102435]],8933,16202,8716,102435
0,4,asleep,0.8171639053167603,0.5061476570910534,0.3554008354883628,0.4175860134629768,0.31306261834706495,0.6384924933890249,[[ 102435 8716][ 16202 8933]],102435,8716,16202,8933
0,4,avg,0.8171639053167603,0.684789903631714,0.6384924933890249,0.6545734652410712,0.31306261834706495,0.6384924933890249,,,,,
