client,round,class,accuracy,precision,recall,f1_score,cohen_kappa_score,roc_auc_score,confusion_matrix,TP,FP,FN,TN
8,13,awake,0.7983065025020912,0.845215597276666,0.9214402029671348,0.8816834964661726,0.2072036227729418,0.5876148697350096,[[ 6379 18756][ 8732 102419]],6379,18756,8732,102419
8,13,asleep,0.7983065025020912,0.42214280987360203,0.25378953650288444,0.3170004472494161,0.2072036227729418,0.5876148697350096,[[ 102419 8732][ 18756 6379]],102419,8732,18756,6379
8,13,avg,0.7983065025020912,0.633679203575134,0.5876148697350096,0.5993419718577944,0.2072036227729418,0.5876148697350096,,,,,
