client,round,class,accuracy,precision,recall,f1_score,cohen_kappa_score,roc_auc_score,confusion_matrix,TP,FP,FN,TN
16,10,awake,0.8161293162907415,0.8654283676865089,0.9171667371413662,0.8905467204200098,0.3191384646337968,0.6432461893385366,[[ 9283 15852][ 9207 101944]],9283,15852,9207,101944
16,10,asleep,0.8161293162907415,0.5020551649540292,0.3693256415357072,0.4255816618911175,0.3191384646337968,0.6432461893385367,[[ 101944 9207][ 15852 9283]],101944,9207,15852,9283
16,10,avg,0.8161293162907415,0.6837417663202691,0.6432461893385367,0.6580641911555637,0.3191384646337968,0.6432461893385366,,,,,
