client,round,class,accuracy,precision,recall,f1_score,cohen_kappa_score,roc_auc_score,confusion_matrix,TP,FP,FN,TN
15,25,awake,0.5837209984884728,0.8151451272904168,0.6331746902861872,0.7127283038548984,-0.0012999250814935692,0.49910176726364264,[[ 9175 15960][ 40773 70378]],9175,15960,40773,70378
15,25,asleep,0.5837209984884728,0.18369103868022743,0.36502884424109805,0.24439620153696576,-0.0012999250814935692,0.49910176726364264,[[ 70378 40773][ 15960 9175]],70378,40773,15960,9175
15,25,avg,0.5837209984884728,0.4994180829853221,0.49910176726364264,0.47856225269593206,-0.0012999250814935692,0.49910176726364264,,,,,
