client,round,class,accuracy,precision,recall,f1_score,cohen_kappa_score,roc_auc_score,confusion_matrix,TP,FP,FN,TN
2,0,awake,0.7200225995333344,0.8964910374796307,0.7424314671033099,0.8122204123011205,0.2807928600214695,0.6816792306672308,[[ 15607 9528][ 28629 82522]],15607,9528,28629,82522
2,0,asleep,0.7200225995333344,0.35281218916719415,0.6209269942311518,0.4499574750255871,0.2807928600214695,0.6816792306672309,[[ 82522 28629][ 9528 15607]],82522,28629,9528,15607
2,0,avg,0.7200225995333344,0.6246516133234123,0.6816792306672308,0.6310889436633538,0.2807928600214695,0.6816792306672308,,,,,
