client,round,class,accuracy,precision,recall,f1_score,cohen_kappa_score,roc_auc_score,confusion_matrix,TP,FP,FN,TN
1,19,awake,0.6946054620430565,0.8358742488358163,0.7783825606607228,0.806104622723694,0.09171808532879377,0.5512561301413819,[[ 8147 16988][ 24633 86518]],8147,16988,24633,86518
1,19,asleep,0.6946054620430565,0.24853569249542404,0.32412969962204097,0.28134334801001465,0.09171808532879377,0.5512561301413819,[[ 86518 24633][ 16988 8147]],86518,24633,16988,8147
1,19,avg,0.6946054620430565,0.5422049706656201,0.5512561301413819,0.5437239853668543,0.09171808532879377,0.5512561301413819,,,,,
