client,round,class,accuracy,precision,recall,f1_score,cohen_kappa_score,roc_auc_score,confusion_matrix,TP,FP,FN,TN
18,2,awake,0.8180957691912596,0.8273195876288659,0.9819074952092199,0.8980092236424748,0.11113331798999804,0.5378007736638899,[[ 2355 22780][ 2011 109140]],2355,22780,2011,109140
18,2,asleep,0.8180957691912596,0.5393953275309208,0.09369405211855977,0.15965560489474934,0.11113331798999804,0.5378007736638899,[[ 109140 2011][ 22780 2355]],109140,2011,22780,2355
18,2,avg,0.8180957691912596,0.6833574575798933,0.5378007736638899,0.528832414268612,0.11113331798999804,0.5378007736638899,,,,,
