client,round,class,accuracy,precision,recall,f1_score,cohen_kappa_score,roc_auc_score,confusion_matrix,TP,FP,FN,TN
4,29,awake,0.817134555273469,0.8514759470762308,0.9396946496207862,0.8934128253598953,0.2611443741074161,0.6074244085581552,[[ 6916 18219][ 6703 104448]],6916,18219,6703,104448
4,29,asleep,0.817134555273469,0.5078199574124385,0.2751541674955242,0.35691799556174847,0.2611443741074161,0.6074244085581552,[[ 104448 6703][ 18219 6916]],104448,6703,18219,6916
4,29,avg,0.817134555273469,0.6796479522443346,0.6074244085581552,0.6251654104608219,0.2611443741074161,0.6074244085581552,,,,,
