client,round,class,accuracy,precision,recall,f1_score,cohen_kappa_score,roc_auc_score,confusion_matrix,TP,FP,FN,TN
18,9,awake,0.8240831780226876,0.8343355935323535,0.9786146773308382,0.9007340915771997,0.16948359987078543,0.5596673943646433,[[ 3537 21598][ 2377 108774]],3537,21598,2377,108774
18,9,asleep,0.8240831780226876,0.5980723706459249,0.14072011139844837,0.22783342458694322,0.16948359987078543,0.5596673943646433,[[ 108774 2377][ 21598 3537]],108774,2377,21598,3537
18,9,avg,0.8240831780226876,0.7162039820891393,0.5596673943646433,0.5642837580820714,0.16948359987078543,0.5596673943646433,,,,,
