client,round,class,accuracy,precision,recall,f1_score,cohen_kappa_score,roc_auc_score,confusion_matrix,TP,FP,FN,TN
17,25,awake,0.814140850857755,0.8237428797766796,0.982294356326079,0.8960590243582168,0.07877868620441408,0.5264167226229559,[[ 1773 23362][ 1968 109183]],1773,23362,1968,109183
17,25,asleep,0.814140850857755,0.4739374498797113,0.0705390889198329,0.12280094195872003,0.07877868620441408,0.526416722622956,[[ 109183 1968][ 23362 1773]],109183,1968,23362,1773
17,25,avg,0.814140850857755,0.6488401648281954,0.5264167226229559,0.5094299831584684,0.07877868620441408,0.5264167226229559,,,,,
