client,round,class,accuracy,precision,recall,f1_score,cohen_kappa_score,roc_auc_score,confusion_matrix,TP,FP,FN,TN
12,6,awake,0.8151094022863684,0.8252222936925347,0.9810887891247042,0.8964306852558201,0.09191699016851662,0.5311053653202594,[[ 2039 23096][ 2102 109049]],2039,23096,2102,109049
12,6,asleep,0.8151094022863684,0.4923931417531997,0.0811219415158146,0.13929498565377782,0.09191699016851662,0.5311053653202594,[[ 109049 2102][ 23096 2039]],109049,2102,23096,2039
12,6,avg,0.8151094022863684,0.6588077177228673,0.5311053653202594,0.5178628354547989,0.09191699016851662,0.5311053653202594,,,,,
