client,round,class,accuracy,precision,recall,f1_score,cohen_kappa_score,roc_auc_score,confusion_matrix,TP,FP,FN,TN
0,25,awake,0.8119836226758435,0.8700064892926671,0.9046342363091651,0.8869825251625311,0.3293307017500259,0.6534509952184377,[[ 10111 15024][ 10600 100551]],10111,15024,10600,100551
0,25,asleep,0.8119836226758435,0.48819467915600406,0.4022677541277104,0.4410853727697073,0.3293307017500259,0.6534509952184377,[[ 100551 10600][ 15024 10111]],100551,10600,15024,10111
0,25,avg,0.8119836226758435,0.6791005842243356,0.6534509952184377,0.6640339489661191,0.3293307017500259,0.6534509952184377,,,,,
