client,round,class,accuracy,precision,recall,f1_score,cohen_kappa_score,roc_auc_score,confusion_matrix,TP,FP,FN,TN
11,0,awake,0.8090999809224718,0.8658278760377456,0.90638860649027,0.8856440844098475,0.3101212535742952,0.642631343229221,[[ 9523 15612][ 10405 100746]],9523,15612,10405,100746
11,0,asleep,0.8090999809224718,0.47787033319951827,0.37887407996817185,0.4226527306215742,0.3101212535742952,0.6426313432292209,[[ 100746 10405][ 15612 9523]],100746,10405,15612,9523
11,0,avg,0.8090999809224718,0.6718491046186319,0.6426313432292209,0.6541484075157109,0.3101212535742952,0.642631343229221,,,,,
