client,round,class,accuracy,precision,recall,f1_score,cohen_kappa_score,roc_auc_score,confusion_matrix,TP,FP,FN,TN
6,4,awake,0.7041442261127335,0.9013940836450187,0.7155131307860478,0.7977690953501085,0.27303998512022043,0.6846911188046014,[[ 16435 8700][ 31621 79530]],16435,8700,31621,79530
6,4,asleep,0.7041442261127335,0.3419968370234726,0.6538691068231549,0.449098932928912,0.27303998512022043,0.6846911188046014,[[ 79530 31621][ 8700 16435]],79530,31621,8700,16435
6,4,avg,0.7041442261127335,0.6216954603342457,0.6846911188046014,0.6234340141395103,0.27303998512022043,0.6846911188046014,,,,,
