client,round,class,accuracy,precision,recall,f1_score,cohen_kappa_score,roc_auc_score,confusion_matrix,TP,FP,FN,TN
18,3,awake,0.8253085423301,0.834788608225689,0.9796942897499797,0.9014553221079818,0.17395023750684424,0.5611421518373929,[[ 3584 21551][ 2257 108894]],3584,21551,2257,108894
18,3,asleep,0.8253085423301,0.6135935627461051,0.14259001392480605,0.23140495867768593,0.17395023750684424,0.5611421518373929,[[ 108894 2257][ 21551 3584]],108894,2257,21551,3584
18,3,avg,0.8253085423301,0.7241910854858971,0.5611421518373929,0.5664301403928339,0.17395023750684424,0.5611421518373929,,,,,
