client,round,class,accuracy,precision,recall,f1_score,cohen_kappa_score,roc_auc_score,confusion_matrix,TP,FP,FN,TN
14,18,awake,0.8318242519407716,0.873787312642451,0.9278099162400698,0.8999886549084974,0.3748222023272163,0.6675850854325474,[[ 10239 14896][ 8024 103127]],10239,14896,8024,103127
14,18,asleep,0.8318242519407716,0.5606417346547665,0.40736025462502484,0.47186506290612473,0.3748222023272163,0.6675850854325472,[[ 103127 8024][ 14896 10239]],103127,8024,14896,10239
14,18,avg,0.8318242519407716,0.7172145236486087,0.6675850854325474,0.6859268589073111,0.3748222023272163,0.6675850854325474,,,,,
