client,round,class,accuracy,precision,recall,f1_score,cohen_kappa_score,roc_auc_score,confusion_matrix,TP,FP,FN,TN
8,22,awake,0.7899564151857124,0.8484979012001588,0.9038425205351279,0.8752962291768314,0.214068001002356,0.5950881590143314,[[ 7197 17938][ 10688 100463]],7197,17938,10688,100463
8,22,asleep,0.7899564151857124,0.4024042493709813,0.28633379749353494,0.33458856345885635,0.214068001002356,0.5950881590143314,[[ 100463 10688][ 17938 7197]],100463,10688,17938,7197
8,22,avg,0.7899564151857124,0.62545107528557,0.5950881590143314,0.6049423963178439,0.214068001002356,0.5950881590143314,,,,,
