client,round,class,accuracy,precision,recall,f1_score,cohen_kappa_score,roc_auc_score,confusion_matrix,TP,FP,FN,TN
12,13,awake,0.815938541009348,0.8328923957608108,0.9686642495344171,0.8956621925705326,0.15147604161932227,0.5546126101461621,[[ 3533 21602][ 3483 107668]],3533,21602,3483,107668
12,13,asleep,0.815938541009348,0.503563283922463,0.1405609707579073,0.219775434667662,0.15147604161932227,0.5546126101461621,[[ 107668 3483][ 21602 3533]],107668,3483,21602,3533
12,13,avg,0.815938541009348,0.6682278398416368,0.5546126101461621,0.5577188136190973,0.15147604161932227,0.5546126101461621,,,,,
