client,round,class,accuracy,precision,recall,f1_score,cohen_kappa_score,roc_auc_score,confusion_matrix,TP,FP,FN,TN
11,23,awake,0.8356104075253511,0.8794195859804533,0.9253088141357253,0.9017807822816107,0.39997037299330807,0.6821292429540771,[[ 11033 14102][ 8302 102849]],11033,14102,8302,102849
11,23,asleep,0.8356104075253511,0.5706232221360228,0.4389496717724289,0.496199685181021,0.39997037299330807,0.6821292429540771,[[ 102849 8302][ 14102 11033]],102849,8302,14102,11033
11,23,avg,0.8356104075253511,0.7250214040582381,0.6821292429540771,0.6989902337313159,0.39997037299330807,0.6821292429540771,,,,,
