client,round,class,accuracy,precision,recall,f1_score,cohen_kappa_score,roc_auc_score,confusion_matrix,TP,FP,FN,TN
7,6,awake,0.824024477936105,0.8365351947370047,0.9746920855412907,0.9003444708072418,0.1846091829102603,0.5662201227388173,[[ 3965 21170][ 2813 108338]],3965,21170,2813,108338
7,6,asleep,0.824024477936105,0.5849808203009738,0.15774815993634375,0.24848807695923292,0.1846091829102603,0.5662201227388173,[[ 108338 2813][ 21170 3965]],108338,2813,21170,3965
7,6,avg,0.824024477936105,0.7107580075189892,0.5662201227388173,0.5744162738832373,0.1846091829102603,0.5662201227388173,,,,,
