client,round,class,accuracy,precision,recall,f1_score,cohen_kappa_score,roc_auc_score,confusion_matrix,TP,FP,FN,TN
0,3,awake,0.8127320487797719,0.8564815200286421,0.925461759228437,0.8896365035848028,0.27799513993924607,0.6198424769883979,[[ 7898 17237][ 8285 102866]],7898,17237,8285,102866
0,3,asleep,0.8127320487797719,0.4880430080949144,0.31422319474835886,0.3823031124449393,0.27799513993924607,0.619842476988398,[[ 102866 8285][ 17237 7898]],102866,8285,17237,7898
0,3,avg,0.8127320487797719,0.6722622640617782,0.6198424769883979,0.635969808014871,0.27799513993924607,0.6198424769883979,,,,,
