client,round,class,accuracy,precision,recall,f1_score,cohen_kappa_score,roc_auc_score,confusion_matrix,TP,FP,FN,TN
6,20,awake,0.6757260466959188,0.8825021422450728,0.6949195238909232,0.7775574301878436,0.2095536084522801,0.6428844685299056,[[ 14851 10284][ 33910 77241]],14851,10284,33910,77241
6,20,asleep,0.6757260466959188,0.3045671745862472,0.5908494131688881,0.4019432716249865,0.2095536084522801,0.6428844685299057,[[ 77241 33910][ 10284 14851]],77241,33910,10284,14851
6,20,avg,0.6757260466959188,0.59353465841566,0.6428844685299056,0.589750350906415,0.2095536084522801,0.6428844685299056,,,,,
