client,round,class,accuracy,precision,recall,f1_score,cohen_kappa_score,roc_auc_score,confusion_matrix,TP,FP,FN,TN
17,16,awake,0.8051230500564989,0.8344667794840975,0.9493841710825813,0.8882239309117079,0.15249522834089435,0.558280706985492,[[ 4202 20933][ 5626 105525]],4202,20933,5626,105525
17,16,asleep,0.8051230500564989,0.42755392755392757,0.16717724288840263,0.24036838944026545,0.15249522834089435,0.5582807069854919,[[ 105525 5626][ 20933 4202]],105525,5626,20933,4202
17,16,avg,0.8051230500564989,0.6310103535190126,0.558280706985492,0.5642961601759867,0.15249522834089435,0.558280706985492,,,,,
