client,round,class,accuracy,precision,recall,f1_score,cohen_kappa_score,roc_auc_score,confusion_matrix,TP,FP,FN,TN
11,8,awake,0.8342309554906594,0.8702392200473256,0.9363658446617664,0.9020923258273095,0.36660579999418286,0.6594699722612591,[[ 9616 15519][ 7073 104078]],9616,15519,7073,104078
11,8,asleep,0.8342309554906594,0.5761879082030079,0.3825740998607519,0.45983167559296095,0.36660579999418286,0.6594699722612591,[[ 104078 7073][ 15519 9616]],104078,7073,15519,9616
11,8,avg,0.8342309554906594,0.7232135641251667,0.6594699722612591,0.6809620007101352,0.36660579999418286,0.6594699722612591,,,,,
