client,round,class,accuracy,precision,recall,f1_score,cohen_kappa_score,roc_auc_score,confusion_matrix,TP,FP,FN,TN
18,29,awake,0.8186827700570858,0.828484351011598,0.9807109247780047,0.8981934287774231,0.12088490294551146,0.5414396080026884,[[ 2568 22567][ 2144 109007]],2568,22567,2144,109007
18,29,asleep,0.8186827700570858,0.5449915110356537,0.10216829122737218,0.17207759573826517,0.12088490294551146,0.5414396080026884,[[ 109007 2144][ 22567 2568]],109007,2144,22567,2568
18,29,avg,0.8186827700570858,0.6867379310236259,0.5414396080026884,0.5351355122578442,0.12088490294551146,0.5414396080026884,,,,,
