client,round,class,accuracy,precision,recall,f1_score,cohen_kappa_score,roc_auc_score,confusion_matrix,TP,FP,FN,TN
2,7,awake,0.8334311668109711,0.8769668763531598,0.9256237010913082,0.9006385986720298,0.388220832879389,0.6756823498494138,[[ 10701 14434][ 8267 102884]],10701,14434,8267,102884
2,7,asleep,0.8334311668109711,0.5641606916912695,0.4257409986075194,0.4852731106727433,0.388220832879389,0.6756823498494138,[[ 102884 8267][ 14434 10701]],102884,8267,14434,10701
2,7,avg,0.8334311668109711,0.7205637840222147,0.6756823498494138,0.6929558546723865,0.388220832879389,0.6756823498494138,,,,,
