client,round,class,accuracy,precision,recall,f1_score,cohen_kappa_score,roc_auc_score,confusion_matrix,TP,FP,FN,TN
10,22,awake,0.7983872151211423,0.9137361550632911,0.8312745724284981,0.8705569766948853,0.419456496552001,0.7421143102842709,[[ 16412 8723][ 18754 92397]],16412,8723,18754,92397
10,22,asleep,0.7983872151211423,0.46670079053631347,0.6529540481400438,0.5443359148272832,0.419456496552001,0.742114310284271,[[ 92397 18754][ 8723 16412]],92397,18754,8723,16412
10,22,avg,0.7983872151211423,0.6902184727998023,0.7421143102842709,0.7074464457610843,0.419456496552001,0.7421143102842709,,,,,
