client,round,class,accuracy,precision,recall,f1_score,cohen_kappa_score,roc_auc_score,confusion_matrix,TP,FP,FN,TN
4,4,awake,0.8146177890612388,0.8579478202884054,0.9260195589783268,0.8906849658836713,0.28695878841732725,0.6240004299765316,[[ 8093 17042][ 8223 102928]],8093,17042,8223,102928
4,4,asleep,0.8146177890612388,0.49601618043638146,0.32198130097473643,0.39048515114231264,0.28695878841732725,0.6240004299765315,[[ 102928 8223][ 17042 8093]],102928,8223,17042,8093
4,4,avg,0.8146177890612388,0.6769820003623934,0.6240004299765316,0.640585058512992,0.28695878841732725,0.6240004299765316,,,,,
