client,round,class,accuracy,precision,recall,f1_score,cohen_kappa_score,roc_auc_score,confusion_matrix,TP,FP,FN,TN
17,3,awake,0.8153588776543446,0.8231646359338239,0.9852632904787182,0.8969490970146198,0.07431939505989715,0.5246388065681835,[[ 1609 23526][ 1638 109513]],1609,23526,1638,109513
17,3,asleep,0.8153588776543446,0.49553433939020636,0.0640143226576487,0.11338172080896344,0.07431939505989715,0.5246388065681834,[[ 109513 1638][ 23526 1609]],109513,1638,23526,1609
17,3,avg,0.8153588776543446,0.6593494876620152,0.5246388065681834,0.5051654089117916,0.07431939505989715,0.5246388065681835,,,,,
