client,round,class,accuracy,precision,recall,f1_score,cohen_kappa_score,roc_auc_score,confusion_matrix,TP,FP,FN,TN
12,10,awake,0.8136052125676886,0.8177876276739257,0.9926226484691996,0.8967630504135087,0.02299643440018928,0.5072920284319342,[[ 552 24583][ 820 110331]],552,24583,820,110331
12,10,asleep,0.8136052125676886,0.40233236151603496,0.02196140839466879,0.04164937563662428,0.02299643440018928,0.5072920284319342,[[ 110331 820][ 24583 552]],110331,820,24583,552
12,10,avg,0.8136052125676886,0.6100599945949803,0.5072920284319342,0.4692062130250665,0.02299643440018928,0.5072920284319342,,,,,
