client,round,class,accuracy,precision,recall,f1_score,cohen_kappa_score,roc_auc_score,confusion_matrix,TP,FP,FN,TN
16,13,awake,0.8103253452298842,0.8595769435053493,0.9172836951534399,0.8874932539475288,0.2876667772531618,0.6273110339701953,[[ 8479 16656][ 9194 101957]],8479,16656,9194,101957
16,13,asleep,0.8103253452298842,0.47977140270469076,0.33733837278695045,0.39614090824145015,0.2876667772531618,0.6273110339701952,[[ 101957 9194][ 16656 8479]],101957,9194,16656,8479
16,13,avg,0.8103253452298842,0.66967417310502,0.6273110339701952,0.6418170810944894,0.2876667772531618,0.6273110339701953,,,,,
