client,round,class,accuracy,precision,recall,f1_score,cohen_kappa_score,roc_auc_score,confusion_matrix,TP,FP,FN,TN
12,22,awake,0.8182351818968933,0.8279111084115981,0.9810528020440662,0.8979996870650822,0.11599546697185559,0.5396411812090234,[[ 2469 22666][ 2106 109045]],2469,22666,2106,109045
12,22,asleep,0.8182351818968933,0.539672131147541,0.0982295603739805,0.1662066644227533,0.11599546697185559,0.5396411812090234,[[ 109045 2106][ 22666 2469]],109045,2106,22666,2469
12,22,avg,0.8182351818968933,0.6837916197795695,0.5396411812090234,0.5321031757439177,0.11599546697185559,0.5396411812090234,,,,,
