client,round,class,accuracy,precision,recall,f1_score,cohen_kappa_score,roc_auc_score,confusion_matrix,TP,FP,FN,TN
7,4,awake,0.8189469204467077,0.8258818209225204,0.9858480805390865,0.8988028593575058,0.09981075290343056,0.5333656555470447,[[ 2033 23102][ 1573 109578]],2033,23102,1573,109578
7,4,asleep,0.8189469204467077,0.5637825845812535,0.08088323055500299,0.14147037333426116,0.09981075290343056,0.5333656555470447,[[ 109578 1573][ 23102 2033]],109578,1573,23102,2033
7,4,avg,0.8189469204467077,0.694832202751887,0.5333656555470447,0.5201366163458835,0.09981075290343056,0.5333656555470447,,,,,
