client,round,class,accuracy,precision,recall,f1_score,cohen_kappa_score,roc_auc_score,confusion_matrix,TP,FP,FN,TN
8,19,awake,0.7840570564841584,0.8592795153390955,0.879209363838382,0.8691302027748132,0.2525087838894092,0.6212438305167641,[[ 9131 16004][ 13426 97725]],9131,16004,13426,97725
8,19,asleep,0.7840570564841584,0.4047967371547635,0.3632782971951462,0.38291537364757194,0.2525087838894092,0.6212438305167641,[[ 97725 13426][ 16004 9131]],97725,13426,16004,9131
8,19,avg,0.7840570564841584,0.6320381262469295,0.6212438305167641,0.6260227882111926,0.2525087838894092,0.6212438305167641,,,,,
