client,round,class,accuracy,precision,recall,f1_score,cohen_kappa_score,roc_auc_score,confusion_matrix,TP,FP,FN,TN
6,3,awake,0.7016274599005033,0.8721712409052029,0.7430612410144758,0.8024561812599588,0.20861940035239002,0.6307309387885189,[[ 13030 12105][ 28559 82592]],13030,12105,28559,82592
6,3,asleep,0.7016274599005033,0.3133039986534901,0.5184006365625622,0.3905641148612194,0.20861940035239002,0.6307309387885189,[[ 82592 28559][ 12105 13030]],82592,28559,12105,13030
6,3,avg,0.7016274599005033,0.5927376197793466,0.6307309387885189,0.5965101480605891,0.20861940035239002,0.6307309387885189,,,,,
