client,round,class,accuracy,precision,recall,f1_score,cohen_kappa_score,roc_auc_score,confusion_matrix,TP,FP,FN,TN
6,17,awake,0.6702596011329117,0.8857159501339857,0.6839434642963176,0.771861245500835,0.21131931709138962,0.6468454142647293,[[ 15326 9809][ 35130 76021]],15326,9809,35130,76021
6,17,asleep,0.6702596011329117,0.3037498018075155,0.609747364233141,0.4054980090222381,0.21131931709138962,0.6468454142647293,[[ 76021 35130][ 9809 15326]],76021,35130,9809,15326
6,17,avg,0.6702596011329117,0.5947328759707506,0.6468454142647293,0.5886796272615366,0.21131931709138962,0.6468454142647293,,,,,
