client,round,class,accuracy,precision,recall,f1_score,cohen_kappa_score,roc_auc_score,confusion_matrix,TP,FP,FN,TN
18,28,awake,0.8180884316804368,0.8249095163923941,0.9862979190470621,0.8984134268668459,0.0910005784431327,0.5302685139297375,[[ 1866 23269][ 1523 109628]],1866,23269,1523,109628
18,28,asleep,0.8180884316804368,0.550604898200059,0.07423910881241297,0.13083718973496003,0.0910005784431327,0.5302685139297375,[[ 109628 1523][ 23269 1866]],109628,1523,23269,1866
18,28,avg,0.8180884316804368,0.6877572072962266,0.5302685139297375,0.5146253083009029,0.0910005784431327,0.5302685139297375,,,,,
