client,round,class,accuracy,precision,recall,f1_score,cohen_kappa_score,roc_auc_score,confusion_matrix,TP,FP,FN,TN
14,16,awake,0.8299164991268362,0.8668546026238751,0.9350793065289561,0.8996753949361611,0.34662898741193593,0.6499745050647565,[[ 9171 15964][ 7216 103935]],9171,15964,7216,103935
14,16,asleep,0.8299164991268362,0.5596509428205285,0.364869703600557,0.4417417272771061,0.34662898741193593,0.6499745050647566,[[ 103935 7216][ 15964 9171]],103935,7216,15964,9171
14,16,avg,0.8299164991268362,0.7132527727222018,0.6499745050647565,0.6707085611066336,0.34662898741193593,0.6499745050647565,,,,,
