client,round,class,accuracy,precision,recall,f1_score,cohen_kappa_score,roc_auc_score,confusion_matrix,TP,FP,FN,TN
8,25,awake,0.7971691883245527,0.8522295895125778,0.908898705364774,0.8796524056022603,0.23919759802311602,0.6059910276376286,[[ 7618 17517][ 10126 101025]],7618,17517,10126,101025
8,25,asleep,0.7971691883245527,0.42932822362488726,0.3030833499104834,0.35532545068681637,0.23919759802311602,0.6059910276376288,[[ 101025 10126][ 17517 7618]],101025,10126,17517,7618
8,25,avg,0.7971691883245527,0.6407789065687325,0.6059910276376287,0.6174889281445384,0.23919759802311602,0.6059910276376287,,,,,
