client,round,class,accuracy,precision,recall,f1_score,cohen_kappa_score,roc_auc_score,confusion_matrix,TP,FP,FN,TN
14,22,awake,0.8308703755338039,0.8753738783649053,0.9242022114061053,0.8991256094038563,0.37846661545061266,0.6711721222138941,[[ 10510 14625][ 8425 102726]],10510,14625,8425,102726
14,22,asleep,0.8308703755338039,0.5550567731713758,0.4181420330216829,0.4769684592693442,0.37846661545061266,0.6711721222138941,[[ 102726 8425][ 14625 10510]],102726,8425,14625,10510
14,22,avg,0.8308703755338039,0.7152153257681406,0.6711721222138941,0.6880470343366003,0.37846661545061266,0.6711721222138941,,,,,
