client,round,class,accuracy,precision,recall,f1_score,cohen_kappa_score,roc_auc_score,confusion_matrix,TP,FP,FN,TN
18,19,awake,0.8213976490615323,0.8299606221397838,0.9822493724752813,0.8997062180414261,0.1345920509084625,0.546167455284786,[[ 2767 22368][ 1973 109178]],2767,22368,1973,109178
18,19,asleep,0.8213976490615323,0.5837552742616033,0.11008553809429084,0.1852384937238494,0.1345920509084625,0.5461674552847862,[[ 109178 1973][ 22368 2767]],109178,1973,22368,2767
18,19,avg,0.8213976490615323,0.7068579482006936,0.546167455284786,0.5424723558826378,0.1345920509084625,0.5461674552847862,,,,,
