client,round,class,accuracy,precision,recall,f1_score,cohen_kappa_score,roc_auc_score,confusion_matrix,TP,FP,FN,TN
8,9,awake,0.8044993616365584,0.8463032627670822,0.929006486671285,0.8857285001115095,0.21964212123172422,0.5914576893272877,[[ 6382 18753][ 7891 103260]],6382,18753,7891,103260
8,9,asleep,0.8044993616365584,0.4471379527779724,0.25390889198329025,0.32389362565976454,0.21964212123172422,0.5914576893272877,[[ 103260 7891][ 18753 6382]],103260,7891,18753,6382
8,9,avg,0.8044993616365584,0.6467206077725274,0.5914576893272876,0.604811062885637,0.21964212123172422,0.5914576893272877,,,,,
