client,round,class,accuracy,precision,recall,f1_score,cohen_kappa_score,roc_auc_score,confusion_matrix,TP,FP,FN,TN
2,16,awake,0.8351114567893988,0.8875661028801188,0.9135500355372421,0.9003706396637641,0.42298182691572606,0.700896760358635,[[ 12272 12863][ 9609 101542]],12272,12863,9609,101542
2,16,asleep,0.8351114567893988,0.5608518806270281,0.48824348518002786,0.5220350518972265,0.42298182691572606,0.700896760358635,[[ 101542 9609][ 12863 12272]],101542,9609,12863,12272
2,16,avg,0.8351114567893988,0.7242089917535735,0.700896760358635,0.7112028457804953,0.42298182691572606,0.700896760358635,,,,,
