client,round,class,accuracy,precision,recall,f1_score,cohen_kappa_score,roc_auc_score,confusion_matrix,TP,FP,FN,TN
2,11,awake,0.8368944719193461,0.8905088973597766,0.9121645329326772,0.9012066398524478,0.4342730493369855,0.7081013633432036,[[ 12669 12466][ 9763 101388]],12669,12466,9763,101388
2,11,asleep,0.8368944719193461,0.5647735378031383,0.5040381937537298,0.5326802194798914,0.4342730493369855,0.7081013633432035,[[ 101388 9763][ 12466 12669]],101388,9763,12466,12669
2,11,avg,0.8368944719193461,0.7276412175814575,0.7081013633432035,0.7169434296661696,0.4342730493369855,0.7081013633432036,,,,,
