client,round,class,accuracy,precision,recall,f1_score,cohen_kappa_score,roc_auc_score,confusion_matrix,TP,FP,FN,TN
10,15,awake,0.8064364644937851,0.9218680017119367,0.833289848944229,0.8753437733316951,0.44741658073788615,0.7604881709411815,[[ 17285 7850][ 18530 92621]],17285,7850,18530,92621
10,15,asleep,0.8064364644937851,0.48261901437944993,0.6876864929381341,0.5671862182116489,0.44741658073788615,0.7604881709411816,[[ 92621 18530][ 7850 17285]],92621,18530,7850,17285
10,15,avg,0.8064364644937851,0.7022435080456934,0.7604881709411815,0.721264995771672,0.44741658073788615,0.7604881709411815,,,,,
