client,round,class,accuracy,precision,recall,f1_score,cohen_kappa_score,roc_auc_score,confusion_matrix,TP,FP,FN,TN
7,8,awake,0.8251838046461119,0.8416029041293088,0.9678005595991039,0.9003008758458211,0.21832762948548323,0.5811551037502184,[[ 4889 20246][ 3579 107572]],4889,20246,3579,107572
7,8,asleep,0.8251838046461119,0.5773500236183278,0.1945096479013328,0.2909859238758444,0.21832762948548323,0.5811551037502184,[[ 107572 3579][ 20246 4889]],107572,3579,20246,4889
7,8,avg,0.8251838046461119,0.7094764638738182,0.5811551037502184,0.5956433998608327,0.21832762948548323,0.5811551037502184,,,,,
