client,round,class,accuracy,precision,recall,f1_score,cohen_kappa_score,roc_auc_score,confusion_matrix,TP,FP,FN,TN
6,11,awake,0.7069618302686996,0.889505119453925,0.7315723655207781,0.8028454782861966,0.25287723631197556,0.6648512314972101,[[ 15034 10101][ 29836 81315]],15034,10101,29836,81315
6,11,asleep,0.7069618302686996,0.33505683084466237,0.5981300974736423,0.4295121777015927,0.25287723631197556,0.6648512314972101,[[ 81315 29836][ 10101 15034]],81315,29836,10101,15034
6,11,avg,0.7069618302686996,0.6122809751492937,0.6648512314972101,0.6161788279938947,0.25287723631197556,0.6648512314972101,,,,,
