client,round,class,accuracy,precision,recall,f1_score,cohen_kappa_score,roc_auc_score,confusion_matrix,TP,FP,FN,TN
7,11,awake,0.8263724813994101,0.8525865265262038,0.9516513571627786,0.8993992781134017,0.27961188859616326,0.612010281724417,[[ 6846 18289][ 5374 105777]],6846,18289,5374,105777
7,11,asleep,0.8263724813994101,0.5602291325695581,0.2723692062860553,0.3665372774728952,0.27961188859616326,0.6120102817244168,[[ 105777 5374][ 18289 6846]],105777,5374,18289,6846
7,11,avg,0.8263724813994101,0.706407829547881,0.612010281724417,0.6329682777931485,0.27961188859616326,0.6120102817244168,,,,,
