client,round,class,accuracy,precision,recall,f1_score,cohen_kappa_score,roc_auc_score,confusion_matrix,TP,FP,FN,TN
3,22,awake,0.8203557225246907,0.8404726735598228,0.9624024975033962,0.8973144820007801,0.20565451246551048,0.5773023030584417,[[ 4831 20304][ 4179 106972]],4831,20304,4179,106972
3,22,asleep,0.8203557225246907,0.5361820199778025,0.19220210861348716,0.2829696880948894,0.20565451246551048,0.5773023030584417,[[ 106972 4179][ 20304 4831]],106972,4179,20304,4831
3,22,avg,0.8203557225246907,0.6883273467688127,0.5773023030584417,0.5901420850478347,0.20565451246551048,0.5773023030584417,,,,,
