client,round,class,accuracy,precision,recall,f1_score,cohen_kappa_score,roc_auc_score,confusion_matrix,TP,FP,FN,TN
9,4,awake,0.838912287395624,0.8749379986380718,0.9363208608109689,0.9045893089960887,0.39147047377425737,0.6722384093193496,[[ 10259 14876][ 7078 104073]],10259,14876,7078,104073
9,4,asleep,0.838912287395624,0.5917402088019842,0.40815595782773023,0.48309474477302694,0.39147047377425737,0.6722384093193495,[[ 104073 7078][ 14876 10259]],104073,7078,14876,10259
9,4,avg,0.838912287395624,0.733339103720028,0.6722384093193495,0.6938420268845578,0.39147047377425737,0.6722384093193496,,,,,
