client,round,class,accuracy,precision,recall,f1_score,cohen_kappa_score,roc_auc_score,confusion_matrix,TP,FP,FN,TN
0,2,awake,0.8004343806407115,0.8551101034625699,0.9093935277235472,0.8814168243531946,0.25577582889636385,0.6139965450433928,[[ 8008 17127][ 10071 101080]],8008,17127,10071,101080
0,2,asleep,0.8004343806407115,0.44294485314453236,0.3185995623632385,0.370620632202527,0.25577582889636385,0.6139965450433928,[[ 101080 10071][ 17127 8008]],101080,10071,17127,8008
0,2,avg,0.8004343806407115,0.6490274783035511,0.6139965450433928,0.6260187282778608,0.25577582889636385,0.6139965450433928,,,,,
