client,round,class,accuracy,precision,recall,f1_score,cohen_kappa_score,roc_auc_score,confusion_matrix,TP,FP,FN,TN
2,5,awake,0.8333577917027427,0.8838341753033696,0.9160781279520652,0.8996673396448972,0.4091754793035808,0.6918166649308765,[[ 11752 13383][ 9328 101823]],11752,13383,9328,101823
2,5,asleep,0.8333577917027427,0.5574952561669829,0.4675552019096877,0.5085794655414908,0.4091754793035808,0.6918166649308763,[[ 101823 9328][ 13383 11752]],101823,9328,13383,11752
2,5,avg,0.8333577917027427,0.7206647157351762,0.6918166649308765,0.704123402593194,0.4091754793035808,0.6918166649308763,,,,,
