client,round,class,accuracy,precision,recall,f1_score,cohen_kappa_score,roc_auc_score,confusion_matrix,TP,FP,FN,TN
9,0,awake,0.8192697709229121,0.8225565928002625,0.9925056904571259,0.8995747491509254,0.07068895094562677,0.5228492247789907,[[ 1337 23798][ 833 110318]],1337,23798,833,110318
9,0,asleep,0.8192697709229121,0.6161290322580645,0.05319275910085538,0.09793078190807544,0.07068895094562677,0.5228492247789907,[[ 110318 833][ 23798 1337]],110318,833,23798,1337
9,0,avg,0.8192697709229121,0.7193428125291634,0.5228492247789907,0.49875276552950043,0.07068895094562677,0.5228492247789907,,,,,
