client,round,class,accuracy,precision,recall,f1_score,cohen_kappa_score,roc_auc_score,confusion_matrix,TP,FP,FN,TN
3,20,awake,0.8209867484554539,0.8515666790941953,0.9452726471196841,0.8959762592044616,0.2669010647448762,0.6083236122011788,[[ 6821 18314][ 6083 105068]],6821,18314,6083,105068
3,20,asleep,0.8209867484554539,0.5285957842529448,0.27137457728267356,0.3586319303872342,0.2669010647448762,0.6083236122011788,[[ 105068 6083][ 18314 6821]],105068,6083,18314,6821
3,20,avg,0.8209867484554539,0.69008123167357,0.6083236122011788,0.6273040947958479,0.2669010647448762,0.6083236122011788,,,,,
