client,round,class,accuracy,precision,recall,f1_score,cohen_kappa_score,roc_auc_score,confusion_matrix,TP,FP,FN,TN
10,19,awake,0.7930455072421232,0.9206101296119754,0.816672814459609,0.8655323165818845,0.42343471955679524,0.7526172904603595,[[ 17307 7828][ 20377 90774]],17307,7828,20377,90774
10,19,asleep,0.7930455072421232,0.45926653221526376,0.68856176646111,0.5510116366067591,0.42343471955679524,0.7526172904603595,[[ 90774 20377][ 7828 17307]],90774,20377,7828,17307
10,19,avg,0.7930455072421232,0.6899383309136196,0.7526172904603595,0.7082719765943217,0.42343471955679524,0.7526172904603595,,,,,
