client,round,class,accuracy,precision,recall,f1_score,cohen_kappa_score,roc_auc_score,confusion_matrix,TP,FP,FN,TN
16,9,awake,0.8171272177626462,0.8646497623357071,0.9197488101771464,0.8913486060553218,0.3177089496800307,0.6415334462662139,[[ 9132 16003][ 8920 102231]],9132,16003,8920,102231
16,9,asleep,0.8171272177626462,0.5058719255484156,0.36331808235528146,0.4229050408687799,0.3177089496800307,0.6415334462662139,[[ 102231 8920][ 16003 9132]],102231,8920,16003,9132
16,9,avg,0.8171272177626462,0.6852608439420613,0.6415334462662139,0.6571268234620509,0.3177089496800307,0.6415334462662139,,,,,
