client,round,class,accuracy,precision,recall,f1_score,cohen_kappa_score,roc_auc_score,confusion_matrix,TP,FP,FN,TN
14,7,awake,0.8323965777849522,0.8678039800414831,0.9372745184478772,0.9012024221453288,0.35443345192075637,0.6529420135505748,[[ 9265 15870][ 6972 104179]],9265,15870,6972,104179
14,7,asleep,0.8323965777849522,0.5706103344213833,0.36860950865327236,0.4478874601179542,0.35443345192075637,0.6529420135505748,[[ 104179 6972][ 15870 9265]],104179,6972,15870,9265
14,7,avg,0.8323965777849522,0.7192071572314331,0.6529420135505748,0.6745449411316415,0.35443345192075637,0.6529420135505748,,,,,
