client,round,class,accuracy,precision,recall,f1_score,cohen_kappa_score,roc_auc_score,confusion_matrix,TP,FP,FN,TN
4,18,awake,0.8206638979792495,0.8425864466780454,0.9593345988790024,0.89717841171546,0.21860186491571787,0.5833872119121489,[[ 5214 19921][ 4520 106631]],5214,19921,4520,106631
4,18,asleep,0.8206638979792495,0.5356482432710088,0.2074398249452954,0.2990622042501936,0.21860186491571787,0.5833872119121488,[[ 106631 4520][ 19921 5214]],106631,4520,19921,5214
4,18,avg,0.8206638979792495,0.6891173449745271,0.5833872119121489,0.5981203079828268,0.21860186491571787,0.5833872119121488,,,,,
