client,round,class,accuracy,precision,recall,f1_score,cohen_kappa_score,roc_auc_score,confusion_matrix,TP,FP,FN,TN
10,1,awake,0.6538089018681302,0.9018518983843004,0.6458061555901431,0.7526488243466408,0.22547159754168733,0.6675022423067087,[[ 17323 7812][ 39369 71782]],17323,7812,39369,71782
10,1,asleep,0.6538089018681302,0.3055633951880336,0.6891983290232743,0.423405477409657,0.22547159754168733,0.6675022423067086,[[ 71782 39369][ 7812 17323]],71782,39369,7812,17323
10,1,avg,0.6538089018681302,0.603707646786167,0.6675022423067087,0.5880271508781489,0.22547159754168733,0.6675022423067087,,,,,
