client,round,class,accuracy,precision,recall,f1_score,cohen_kappa_score,roc_auc_score,confusion_matrix,TP,FP,FN,TN
0,18,awake,0.8023714834979382,0.8697782656421514,0.8910940972190984,0.8803071645054349,0.31429973579433834,0.6505599787865932,[[ 10306 14829][ 12105 99046]],10306,14829,12105,99046
0,18,asleep,0.8023714834979382,0.45986345990808086,0.41002586035408795,0.4335170151011652,0.31429973579433834,0.6505599787865932,[[ 99046 12105][ 14829 10306]],99046,12105,14829,10306
0,18,avg,0.8023714834979382,0.6648208627751162,0.6505599787865932,0.6569120898033001,0.31429973579433834,0.6505599787865932,,,,,
