client,round,class,accuracy,precision,recall,f1_score,cohen_kappa_score,roc_auc_score,confusion_matrix,TP,FP,FN,TN
10,11,awake,0.7998253672424167,0.9240313056139783,0.8221518474867523,0.870119544673335,0.44019968872817306,0.7616229696952361,[[ 17622 7513][ 19768 91383]],17622,7513,19768,91383
10,11,asleep,0.7998253672424167,0.4713024872960685,0.70109409190372,0.5636785285885645,0.44019968872817306,0.7616229696952361,[[ 91383 19768][ 7513 17622]],91383,19768,7513,17622
10,11,avg,0.7998253672424167,0.6976668964550234,0.7616229696952361,0.7168990366309498,0.44019968872817306,0.7616229696952361,,,,,
