client,round,class,accuracy,precision,recall,f1_score,cohen_kappa_score,roc_auc_score,confusion_matrix,TP,FP,FN,TN
6,16,awake,0.6742805570638216,0.8920785566622815,0.6832867000746732,0.7738464595210075,0.22687982170208398,0.6588703243759082,[[ 15947 9188][ 35203 75948]],15947,9188,35203,75948
6,16,asleep,0.6742805570638216,0.31176930596285435,0.6344539486771434,0.41809005702300583,0.22687982170208398,0.6588703243759082,[[ 75948 35203][ 9188 15947]],75948,35203,9188,15947
6,16,avg,0.6742805570638216,0.6019239313125679,0.6588703243759083,0.5959682582720067,0.22687982170208398,0.6588703243759082,,,,,
