client,round,class,accuracy,precision,recall,f1_score,cohen_kappa_score,roc_auc_score,confusion_matrix,TP,FP,FN,TN
17,24,awake,0.7958924614413806,0.8275450043235595,0.9471079882322246,0.8832988618104473,0.09870173080742173,0.5371505725923407,[[ 3197 21938][ 5879 105272]],3197,21938,5879,105272
17,24,asleep,0.7958924614413806,0.35224768620537683,0.12719315695245673,0.18689895062991438,0.09870173080742173,0.5371505725923407,[[ 105272 5879][ 21938 3197]],105272,5879,21938,3197
17,24,avg,0.7958924614413806,0.5898963452644681,0.5371505725923407,0.5350989062201809,0.09870173080742173,0.5371505725923407,,,,,
