client,round,class,accuracy,precision,recall,f1_score,cohen_kappa_score,roc_auc_score,confusion_matrix,TP,FP,FN,TN
14,2,awake,0.8173766931306223,0.8209199541659846,0.99261365169904,0.8986393754403398,0.05460631774615099,0.5175322087816863,[[ 1067 24068][ 821 110330]],1067,24068,821,110330
14,2,asleep,0.8173766931306223,0.5651483050847458,0.04245076586433261,0.07896976649520779,0.05460631774615099,0.5175322087816863,[[ 110330 821][ 24068 1067]],110330,821,24068,1067
14,2,avg,0.8173766931306223,0.6930341296253653,0.5175322087816863,0.4888045709677738,0.05460631774615099,0.5175322087816863,,,,,
