client,round,class,accuracy,precision,recall,f1_score,cohen_kappa_score,roc_auc_score,confusion_matrix,TP,FP,FN,TN
3,9,awake,0.8275611581527083,0.863222715820183,0.9370406024237299,0.8986182470762316,0.3285384497178958,0.6402330523556883,[[ 8632 16503][ 6998 104153]],8632,16503,6998,104153
3,9,asleep,0.8275611581527083,0.5522712731925784,0.34342550228764673,0.42350055194406966,0.3285384497178958,0.6402330523556883,[[ 104153 6998][ 16503 8632]],104153,6998,16503,8632
3,9,avg,0.8275611581527083,0.7077469945063807,0.6402330523556883,0.6610593995101506,0.3285384497178958,0.6402330523556883,,,,,
