client,round,class,accuracy,precision,recall,f1_score,cohen_kappa_score,roc_auc_score,confusion_matrix,TP,FP,FN,TN
11,10,awake,0.8353976197114891,0.8674353494690457,0.9421597646444926,0.9032547428162345,0.35824284891773295,0.6527190309198194,[[ 9131 16004][ 6429 104722]],9131,16004,6429,104722
11,10,asleep,0.8353976197114891,0.5868251928020566,0.3632782971951462,0.4487529180489004,0.35824284891773295,0.6527190309198194,[[ 104722 6429][ 16004 9131]],104722,6429,16004,9131
11,10,avg,0.8353976197114891,0.7271302711355512,0.6527190309198194,0.6760038304325675,0.35824284891773295,0.6527190309198194,,,,,
