client,round,class,accuracy,precision,recall,f1_score,cohen_kappa_score,roc_auc_score,confusion_matrix,TP,FP,FN,TN
14,14,awake,0.8298284489969623,0.8675156893713388,0.9339817005694956,0.8995225675640548,0.3489776872701297,0.651613885892466,[[ 9281 15854][ 7338 103813]],9281,15854,7338,103813
14,14,asleep,0.8298284489969623,0.5584571875564114,0.3692460712154366,0.4445562101834555,0.3489776872701297,0.6516138858924662,[[ 103813 7338][ 15854 9281]],103813,7338,15854,9281
14,14,avg,0.8298284489969623,0.7129864384638751,0.651613885892466,0.6720393888737551,0.3489776872701297,0.651613885892466,,,,,
