client,round,class,accuracy,precision,recall,f1_score,cohen_kappa_score,roc_auc_score,confusion_matrix,TP,FP,FN,TN
11,25,awake,0.8332477290404003,0.8597349128987901,0.9506347221347536,0.9029027489382794,0.3232601794817199,0.6323891732814211,[[ 7896 17239][ 5487 105664]],7896,17239,5487,105664
11,25,asleep,0.8332477290404003,0.5900022416498543,0.3141436244280883,0.40999013448257954,0.3232601794817199,0.6323891732814211,[[ 105664 5487][ 17239 7896]],105664,5487,17239,7896
11,25,avg,0.8332477290404003,0.7248685772743222,0.632389173281421,0.6564464417104294,0.3232601794817199,0.6323891732814211,,,,,
