client,round,class,accuracy,precision,recall,f1_score,cohen_kappa_score,roc_auc_score,confusion_matrix,TP,FP,FN,TN
4,26,awake,0.8208399982389974,0.8419786770968047,0.9606121402416532,0.8973916113009165,0.2152521257676253,0.5816786581454934,[[ 5096 20039][ 4378 106773]],5096,20039,4378,106773
4,26,asleep,0.8208399982389974,0.5378931813383998,0.2027451760493336,0.29448987257649745,0.2152521257676253,0.5816786581454934,[[ 106773 4378][ 20039 5096]],106773,4378,20039,5096
4,26,avg,0.8208399982389974,0.6899359292176023,0.5816786581454934,0.5959407419387069,0.2152521257676253,0.5816786581454934,,,,,
