client,round,class,accuracy,precision,recall,f1_score,cohen_kappa_score,roc_auc_score,confusion_matrix,TP,FP,FN,TN
7,15,awake,0.8227624260745785,0.8549871872296668,0.9425466257613516,0.8966343582172582,0.2856611192953714,0.6178020576588736,[[ 7366 17769][ 6386 104765]],7366,17769,6386,104765
7,15,asleep,0.8227624260745785,0.5356311809191391,0.2930574895563955,0.37884125800396024,0.2856611192953714,0.6178020576588736,[[ 104765 6386][ 17769 7366]],104765,6386,17769,7366
7,15,avg,0.8227624260745785,0.695309184074403,0.6178020576588735,0.6377378081106092,0.2856611192953714,0.6178020576588736,,,,,
