client,round,class,accuracy,precision,recall,f1_score,cohen_kappa_score,roc_auc_score,confusion_matrix,TP,FP,FN,TN
4,3,awake,0.8086670677839249,0.8573588836709148,0.9181563818589127,0.8867167135856533,0.2761515624532337,0.6213220739610855,[[ 8156 16979][ 9097 102054]],8156,16979,9097,102054
4,3,asleep,0.8086670677839249,0.47272938039761203,0.3244877660632584,0.3848258941209777,0.2761515624532337,0.6213220739610855,[[ 102054 9097][ 16979 8156]],102054,9097,16979,8156
4,3,avg,0.8086670677839249,0.6650441320342635,0.6213220739610855,0.6357713038533155,0.2761515624532337,0.6213220739610855,,,,,
