client,round,class,accuracy,precision,recall,f1_score,cohen_kappa_score,roc_auc_score,confusion_matrix,TP,FP,FN,TN
12,17,awake,0.8139867631304756,0.828886844526219,0.9727307896465169,0.8950664552901392,0.12051012713210874,0.5423630077136503,[[ 2815 22320][ 3031 108120]],2815,22320,3031,108120
12,17,asleep,0.8139867631304756,0.48152582962709545,0.11199522578078376,0.18172428262483456,0.12051012713210874,0.5423630077136503,[[ 108120 3031][ 22320 2815]],108120,3031,22320,2815
12,17,avg,0.8139867631304756,0.6552063370766572,0.5423630077136503,0.5383953689574869,0.12051012713210874,0.5423630077136503,,,,,
