client,round,class,accuracy,precision,recall,f1_score,cohen_kappa_score,roc_auc_score,confusion_matrix,TP,FP,FN,TN
10,23,awake,0.8074857285414496,0.9186833126244995,0.8381391080602064,0.8765648743631121,0.4435333828362733,0.7550353387923868,[[ 16889 8246][ 17991 93160]],16889,8246,17991,93160
10,23,asleep,0.8074857285414496,0.48420298165137615,0.6719315695245673,0.5628259601766225,0.4435333828362733,0.7550353387923869,[[ 93160 17991][ 8246 16889]],93160,17991,8246,16889
10,23,avg,0.8074857285414496,0.7014431471379379,0.7550353387923869,0.7196954172698673,0.4435333828362733,0.7550353387923869,,,,,
