client,round,class,accuracy,precision,recall,f1_score,cohen_kappa_score,roc_auc_score,confusion_matrix,TP,FP,FN,TN
12,1,awake,0.8136859251867397,0.8168958916865591,0.9944579895817401,0.8969739757041653,0.013916880447121582,0.504370431035151,[[ 359 24776][ 616 110535]],359,24776,616,110535
12,1,asleep,0.8136859251867397,0.3682051282051282,0.014282872488561766,0.02749904251244734,0.013916880447121582,0.504370431035151,[[ 110535 616][ 24776 359]],110535,616,24776,359
12,1,avg,0.8136859251867397,0.5925505099458437,0.504370431035151,0.4622365091083063,0.013916880447121582,0.504370431035151,,,,,
