client,round,class,accuracy,precision,recall,f1_score,cohen_kappa_score,roc_auc_score,confusion_matrix,TP,FP,FN,TN
15,0,awake,0.5273689153691502,0.7881930741910024,0.5750105712049375,0.6649327139654285,-0.07403600879382721,0.44585022294084153,[[ 7960 17175][ 47238 63913]],7960,17175,47238,63913
15,0,asleep,0.5273689153691502,0.14420812348273487,0.3166898746767456,0.19817509616222473,-0.07403600879382721,0.4458502229408414,[[ 63913 47238][ 17175 7960]],63913,47238,17175,7960
15,0,avg,0.5273689153691502,0.4662005988368686,0.44585022294084153,0.4315539050638266,-0.07403600879382721,0.4458502229408415,,,,,
