client,round,class,accuracy,precision,recall,f1_score,cohen_kappa_score,roc_auc_score,confusion_matrix,TP,FP,FN,TN
16,14,awake,0.8145957765287704,0.8535822210511581,0.9326501785858876,0.8913662198299211,0.26760557916549566,0.6125952305302622,[[ 7353 17782][ 7486 103665]],7353,17782,7486,103665
16,14,asleep,0.8145957765287704,0.49551856594110116,0.292540282474637,0.36788912793315653,0.26760557916549566,0.6125952305302623,[[ 103665 7486][ 17782 7353]],103665,7486,17782,7353
16,14,avg,0.8145957765287704,0.6745503934961297,0.6125952305302623,0.6296276738815388,0.26760557916549566,0.6125952305302622,,,,,
