client,round,class,accuracy,precision,recall,f1_score,cohen_kappa_score,roc_auc_score,confusion_matrix,TP,FP,FN,TN
18,27,awake,0.8214636866589379,0.8524442423701154,0.9445978893577206,0.8961582123439088,0.2718233633881638,0.6107711945296659,[[ 6961 18174][ 6158 104993]],6961,18174,6158,104993
18,27,asleep,0.8214636866589379,0.5306044668038723,0.2769444997016113,0.3639357975636535,0.2718233633881638,0.610771194529666,[[ 104993 6158][ 18174 6961]],104993,6158,18174,6961
18,27,avg,0.8214636866589379,0.6915243545869938,0.6107711945296659,0.6300470049537812,0.2718233633881638,0.6107711945296659,,,,,
