client,round,class,accuracy,precision,recall,f1_score,cohen_kappa_score,roc_auc_score,confusion_matrix,TP,FP,FN,TN
1,27,awake,0.7218569772390414,0.829565702561149,0.8293492636143625,0.8294574689683408,0.07582426546020071,0.5379290579062463,[[ 6196 18939][ 18968 92183]],6196,18939,18968,92183
1,27,asleep,0.7218569772390414,0.24622476553807027,0.2465088521981301,0.24636672697270323,0.07582426546020071,0.5379290579062462,[[ 92183 18968][ 18939 6196]],92183,18968,18939,6196
1,27,avg,0.7218569772390414,0.5378952340496097,0.5379290579062462,0.5379120979705221,0.07582426546020071,0.5379290579062463,,,,,
