client,round,class,accuracy,precision,recall,f1_score,cohen_kappa_score,roc_auc_score,confusion_matrix,TP,FP,FN,TN
18,23,awake,0.8213389489749497,0.8342034744039919,0.9746471016904931,0.8989730929610189,0.16579309657853292,0.5590164094090022,[[ 3604 21531][ 2818 108333]],3604,21531,2818,108333
18,23,asleep,0.8213389489749497,0.5611958891311118,0.14338571712751144,0.2284120797287448,0.16579309657853292,0.5590164094090022,[[ 108333 2818][ 21531 3604]],108333,2818,21531,3604
18,23,avg,0.8213389489749497,0.6976996817675518,0.5590164094090022,0.5636925863448818,0.16579309657853292,0.5590164094090022,,,,,
