client,round,class,accuracy,precision,recall,f1_score,cohen_kappa_score,roc_auc_score,confusion_matrix,TP,FP,FN,TN
14,6,awake,0.8324332653390664,0.8708989198178978,0.9328211172189184,0.9007971156143437,0.3658302298643349,0.6606616029699127,[[ 9765 15370][ 7467 103684]],9765,15370,7467,103684
14,6,asleep,0.8324332653390664,0.5666782729805014,0.3885020887209071,0.46097198291122804,0.3658302298643349,0.6606616029699126,[[ 103684 7467][ 15370 9765]],103684,7467,15370,9765
14,6,avg,0.8324332653390664,0.7187885963991996,0.6606616029699127,0.6808845492627859,0.3658302298643349,0.6606616029699126,,,,,
