client,round,class,accuracy,precision,recall,f1_score,cohen_kappa_score,roc_auc_score,confusion_matrix,TP,FP,FN,TN
17,11,awake,0.8120129727191348,0.8324406682161986,0.9634281293015807,0.8931574030826716,0.14486240375739368,0.5529295012929228,[[ 3580 21555][ 4065 107086]],3580,21555,4065,107086
17,11,asleep,0.8120129727191348,0.4682799215173316,0.14243087328426496,0.21842586943258083,0.14486240375739368,0.5529295012929228,[[ 107086 4065][ 21555 3580]],107086,4065,21555,3580
17,11,avg,0.8120129727191348,0.650360294866765,0.5529295012929228,0.5557916362576262,0.14486240375739368,0.5529295012929228,,,,,
