client,round,class,accuracy,precision,recall,f1_score,cohen_kappa_score,roc_auc_score,confusion_matrix,TP,FP,FN,TN
10,17,awake,0.7556755646214578,0.9258870253060688,0.7613696682890843,0.8356076464315336,0.3771868555185899,0.7459324967663842,[[ 18361 6774][ 26524 84627]],18361,6774,26524,84627
10,17,asleep,0.7556755646214578,0.40906761724406815,0.7304953252436841,0.5244501570979719,0.3771868555185899,0.7459324967663842,[[ 84627 26524][ 6774 18361]],84627,26524,6774,18361
10,17,avg,0.7556755646214578,0.6674773212750684,0.7459324967663842,0.6800289017647527,0.3771868555185899,0.7459324967663842,,,,,
