client,round,class,accuracy,precision,recall,f1_score,cohen_kappa_score,roc_auc_score,confusion_matrix,TP,FP,FN,TN
8,14,awake,0.7895601896012797,0.8594290695140554,0.8870635441876367,0.8730276789034691,0.25973879736746797,0.6227241333430724,[[ 9008 16127][ 12553 98598]],9008,16127,12553,98598
8,14,asleep,0.7895601896012797,0.4177913825889337,0.35838472249850806,0.38581463080349493,0.25973879736746797,0.6227241333430724,[[ 98598 12553][ 16127 9008]],98598,12553,16127,9008
8,14,avg,0.7895601896012797,0.6386102260514945,0.6227241333430724,0.629421154853482,0.25973879736746797,0.6227241333430724,,,,,
