client,round,class,accuracy,precision,recall,f1_score,cohen_kappa_score,roc_auc_score,confusion_matrix,TP,FP,FN,TN
2,22,awake,0.8338934299928092,0.8959994273391853,0.9009005766929672,0.8984433179310036,0.4426204419573092,0.7192388302203646,[[ 13512 11623][ 11015 100136]],13512,11623,11015,100136
2,22,asleep,0.8338934299928092,0.5509030863945855,0.537577083747762,0.5441585115379969,0.4426204419573092,0.7192388302203646,[[ 100136 11015][ 11623 13512]],100136,11015,11623,13512
2,22,avg,0.8338934299928092,0.7234512568668854,0.7192388302203646,0.7213009147345002,0.4426204419573092,0.7192388302203646,,,,,
