client,round,class,accuracy,precision,recall,f1_score,cohen_kappa_score,roc_auc_score,confusion_matrix,TP,FP,FN,TN
18,17,awake,0.8214710241697607,0.8302446594851196,0.9818535145882629,0.8997069237713263,0.13684571169301274,0.5470437256649291,[[ 2821 22314][ 2017 109134]],2821,22314,2017,109134
18,17,asleep,0.8214710241697607,0.5830921868540719,0.11223393674159539,0.18823607913789075,0.13684571169301274,0.5470437256649292,[[ 109134 2017][ 22314 2821]],109134,2017,22314,2821
18,17,avg,0.8214710241697607,0.7066684231695958,0.5470437256649291,0.5439715014546085,0.13684571169301274,0.5470437256649292,,,,,
