client,round,class,accuracy,precision,recall,f1_score,cohen_kappa_score,roc_auc_score,confusion_matrix,TP,FP,FN,TN
17,26,awake,0.8132530120481928,0.8236404833836858,0.9810977858948637,0.8955003264203389,0.07744860748809779,0.52605714836816,[[ 1785 23350][ 2101 109050]],1785,23350,2101,109050
17,26,asleep,0.8132530120481928,0.45934122490993307,0.07101651084145613,0.12301436890527549,0.07744860748809779,0.52605714836816,[[ 109050 2101][ 23350 1785]],109050,2101,23350,1785
17,26,avg,0.8132530120481928,0.6414908541468094,0.52605714836816,0.5092573476628072,0.07744860748809779,0.52605714836816,,,,,
