client,round,class,accuracy,precision,recall,f1_score,cohen_kappa_score,roc_auc_score,confusion_matrix,TP,FP,FN,TN
1,23,awake,0.7259219582348884,0.8203650002604664,0.8500868188320393,0.8349614941081346,0.02871176768705308,0.5134659278166562,[[ 4445 20690][ 16663 94488]],4445,20690,16663,94488
1,23,asleep,0.7259219582348884,0.21058366496115216,0.17684503680127311,0.19224531280410007,0.02871176768705308,0.5134659278166561,[[ 94488 16663][ 20690 4445]],94488,16663,20690,4445
1,23,avg,0.7259219582348884,0.5154743326108093,0.5134659278166562,0.5136034034561173,0.02871176768705308,0.5134659278166562,,,,,
