client,round,class,accuracy,precision,recall,f1_score,cohen_kappa_score,roc_auc_score,confusion_matrix,TP,FP,FN,TN
14,25,awake,0.8278693336072671,0.8656636754845382,0.9338647425574219,0.8984718188860853,0.33865897137143175,0.6465026915492501,[[ 9027 16108][ 7351 103800]],9027,16108,7351,103800
14,25,asleep,0.8278693336072671,0.5511661985590426,0.3591406405410782,0.4348999108712933,0.33865897137143175,0.64650269154925,[[ 103800 7351][ 16108 9027]],103800,7351,16108,9027
14,25,avg,0.8278693336072671,0.7084149370217904,0.64650269154925,0.6666858648786893,0.33865897137143175,0.64650269154925,,,,,
