client,round,class,accuracy,precision,recall,f1_score,cohen_kappa_score,roc_auc_score,confusion_matrix,TP,FP,FN,TN
12,14,awake,0.8133337246672439,0.8223502598779965,0.9836078847693678,0.8957795639456284,0.06616114599249756,0.5219809863472858,[[ 1517 23618][ 1822 109329]],1517,23618,1822,109329
12,14,asleep,0.8133337246672439,0.45432764300688827,0.0603540879252039,0.10655334691297325,0.06616114599249756,0.5219809863472858,[[ 109329 1822][ 23618 1517]],109329,1822,23618,1517
12,14,avg,0.8133337246672439,0.6383389514424423,0.5219809863472858,0.5011664554293008,0.06616114599249756,0.5219809863472858,,,,,
