client,round,class,accuracy,precision,recall,f1_score,cohen_kappa_score,roc_auc_score,confusion_matrix,TP,FP,FN,TN
0,28,awake,0.8096869817882981,0.8719381252509734,0.89863339061277,0.8850845129704703,0.33239825448582516,0.6574925457141829,[[ 10465 14670][ 11267 99884]],10465,14670,11267,99884
0,28,asleep,0.8096869817882981,0.4815479477268544,0.4163517008155958,0.4465828834787804,0.33239825448582516,0.6574925457141829,[[ 99884 11267][ 14670 10465]],99884,11267,14670,10465
0,28,avg,0.8096869817882981,0.6767430364889139,0.6574925457141829,0.6658336982246253,0.33239825448582516,0.6574925457141829,,,,,
