client,round,class,accuracy,precision,recall,f1_score,cohen_kappa_score,roc_auc_score,confusion_matrix,TP,FP,FN,TN
15,3,awake,0.5579369854570535,0.8131628811181928,0.5945875430720371,0.686906586981941,-0.006541476728508133,0.4952249432089845,[[ 9950 15185][ 45062 66089]],9950,15185,45062,66089
15,3,asleep,0.5579369854570535,0.18086962844470297,0.39586234334593196,0.24829376021560381,-0.006541476728508133,0.49522494320898447,[[ 66089 45062][ 15185 9950]],66089,45062,15185,9950
15,3,avg,0.5579369854570535,0.4970162547814479,0.4952249432089845,0.4676001735987724,-0.006541476728508133,0.49522494320898447,,,,,
