client,round,class,accuracy,precision,recall,f1_score,cohen_kappa_score,roc_auc_score,confusion_matrix,TP,FP,FN,TN
12,15,awake,0.8152855025461162,0.8381007809857881,0.958713821737996,0.8943591637361623,0.18538703029959214,0.5698681501767362,[[ 4550 20585][ 4589 106562]],4550,20585,4589,106562
12,15,asleep,0.8152855025461162,0.49786628733997157,0.18102247861547643,0.26550738168874366,0.18538703029959214,0.5698681501767362,[[ 106562 4589][ 20585 4550]],106562,4589,20585,4550
12,15,avg,0.8152855025461162,0.6679835341628798,0.5698681501767362,0.579933272712453,0.18538703029959214,0.5698681501767362,,,,,
