client,round,class,accuracy,precision,recall,f1_score,cohen_kappa_score,roc_auc_score,confusion_matrix,TP,FP,FN,TN
4,9,awake,0.8234888396460385,0.8787364868978353,0.9090156633768477,0.8936196557762722,0.3764888716897531,0.6771455878053922,[[ 11192 13943][ 10113 101038]],11192,13943,10113,101038
4,9,asleep,0.8234888396460385,0.5253226942032386,0.44527551223393674,0.48199827734711453,0.3764888716897531,0.6771455878053921,[[ 101038 10113][ 13943 11192]],101038,10113,13943,11192
4,9,avg,0.8234888396460385,0.7020295905505369,0.6771455878053922,0.6878089665616933,0.3764888716897531,0.6771455878053922,,,,,
