client,round,class,accuracy,precision,recall,f1_score,cohen_kappa_score,roc_auc_score,confusion_matrix,TP,FP,FN,TN
0,14,awake,0.7988127907488664,0.8872322320470606,0.8630061807810996,0.8749515430958604,0.3610755593491498,0.6889727542059466,[[ 12943 12192][ 15227 95924]],12943,12192,15227,95924
0,14,asleep,0.7988127907488664,0.459460418885339,0.5149393276307938,0.48562048588312545,0.3610755593491498,0.6889727542059466,[[ 95924 15227][ 12192 12943]],95924,15227,12192,12943
0,14,avg,0.7988127907488664,0.6733463254661998,0.6889727542059467,0.6802860144894929,0.3610755593491498,0.6889727542059466,,,,,
