client,round,class,accuracy,precision,recall,f1_score,cohen_kappa_score,roc_auc_score,confusion_matrix,TP,FP,FN,TN
9,5,awake,0.8372613474604875,0.8685544803817603,0.9432033899829961,0.9043410752409912,0.36576114576190377,0.6559860196384047,[[ 9269 15866][ 6313 104838]],9269,15866,6313,104838
9,5,asleep,0.8372613474604875,0.5948530355538442,0.3687686492938134,0.45528894564923744,0.36576114576190377,0.6559860196384047,[[ 104838 6313][ 15866 9269]],104838,6313,15866,9269
9,5,avg,0.8372613474604875,0.7317037579678023,0.6559860196384047,0.6798150104451143,0.36576114576190377,0.6559860196384047,,,,,
