client,round,class,accuracy,precision,recall,f1_score,cohen_kappa_score,roc_auc_score,confusion_matrix,TP,FP,FN,TN
15,20,awake,0.6163655841392366,0.8246115161073307,0.6726885048267672,0.7409426034564769,0.030401320301745693,0.5199925515977879,[[ 9232 15903][ 36381 74770]],9232,15903,36381,74770
15,20,asleep,0.6163655841392366,0.20239843904150132,0.36729659836880846,0.2609826426188726,0.030401320301745693,0.5199925515977878,[[ 74770 36381][ 15903 9232]],74770,36381,15903,9232
15,20,avg,0.6163655841392366,0.513504977574416,0.5199925515977879,0.5009626230376747,0.030401320301745693,0.5199925515977879,,,,,
