client,round,class,accuracy,precision,recall,f1_score,cohen_kappa_score,roc_auc_score,confusion_matrix,TP,FP,FN,TN
11,15,awake,0.8353535946465521,0.8627471826493728,0.949114267977796,0.9038722695123571,0.33956430536092375,0.6406999627137836,[[ 8352 16783][ 5656 105495]],8352,16783,5656,105495
11,15,asleep,0.8353535946465521,0.5962307252998287,0.33228565744977123,0.42674296809135737,0.33956430536092375,0.6406999627137836,[[ 105495 5656][ 16783 8352]],105495,5656,16783,8352
11,15,avg,0.8353535946465521,0.7294889539746008,0.6406999627137836,0.6653076188018572,0.33956430536092375,0.6406999627137836,,,,,
