client,round,class,accuracy,precision,recall,f1_score,cohen_kappa_score,roc_auc_score,confusion_matrix,TP,FP,FN,TN
4,19,awake,0.8231880017023026,0.8395347748759712,0.9682773884175581,0.899321905016566,0.20316655525881433,0.5749284296374642,[[ 4564 20571][ 3526 107625]],4564,20571,3526,107625
4,19,asleep,0.8231880017023026,0.5641532756489493,0.1815794708573702,0.27473288186606476,0.20316655525881433,0.5749284296374642,[[ 107625 3526][ 20571 4564]],107625,3526,20571,4564
4,19,avg,0.8231880017023026,0.7018440252624603,0.5749284296374642,0.5870273934413154,0.20316655525881433,0.5749284296374642,,,,,
