client,round,class,accuracy,precision,recall,f1_score,cohen_kappa_score,roc_auc_score,confusion_matrix,TP,FP,FN,TN
17,1,awake,0.8052331127188412,0.819756763089668,0.9757267141096346,0.8909673444239063,0.04004751019927355,0.5135048927619985,[[ 1289 23846][ 2698 108453]],1289,23846,2698,108453
17,1,asleep,0.8052331127188412,0.3233007273639328,0.05128307141436244,0.08852413982556143,0.04004751019927355,0.5135048927619985,[[ 108453 2698][ 23846 1289]],108453,2698,23846,1289
17,1,avg,0.8052331127188412,0.5715287452268004,0.5135048927619985,0.4897457421247339,0.04004751019927355,0.5135048927619985,,,,,
