client,round,class,accuracy,precision,recall,f1_score,cohen_kappa_score,roc_auc_score,confusion_matrix,TP,FP,FN,TN
12,20,awake,0.8172005928708744,0.8294343255302243,0.976716358827181,0.8970703068513751,0.1271432600061113,0.5442563294036442,[[ 2810 22325][ 2588 108563]],2810,22325,2588,108563
12,20,asleep,0.8172005928708744,0.5205631715450166,0.11179629998010741,0.18406314479415714,0.1271432600061113,0.5442563294036442,[[ 108563 2588][ 22325 2810]],108563,2588,22325,2810
12,20,avg,0.8172005928708744,0.6749987485376205,0.5442563294036442,0.5405667258227661,0.1271432600061113,0.5442563294036442,,,,,
