client,round,class,accuracy,precision,recall,f1_score,cohen_kappa_score,roc_auc_score,confusion_matrix,TP,FP,FN,TN
6,5,awake,0.7299796017199125,0.8961034809755681,0.75664636395534,0.8204913074866832,0.2911668111357,0.6843506337381633,[[ 15384 9751][ 27049 84102]],15384,9751,27049,84102
6,5,asleep,0.7299796017199125,0.3625480168736597,0.6120549035209867,0.4553634856736917,0.2911668111357,0.6843506337381633,[[ 84102 27049][ 9751 15384]],84102,27049,9751,15384
6,5,avg,0.7299796017199125,0.6293257489246139,0.6843506337381633,0.6379273965801875,0.2911668111357,0.6843506337381633,,,,,
