client,round,class,accuracy,precision,recall,f1_score,cohen_kappa_score,roc_auc_score,confusion_matrix,TP,FP,FN,TN
1,0,awake,0.7300823268714322,0.8114712214245625,0.8715261221221582,0.8404271932259856,-0.027340948601666692,0.4880606540588909,[[ 2629 22506][ 14280 96871]],2629,22506,14280,96871
1,0,asleep,0.7300823268714322,0.15547933053403512,0.10459518599562363,0.12505946151650651,-0.027340948601666692,0.4880606540588909,[[ 96871 14280][ 22506 2629]],96871,14280,22506,2629
1,0,avg,0.7300823268714322,0.48347527597929885,0.48806065405889093,0.48274332737124603,-0.027340948601666692,0.4880606540588909,,,,,
