client,round,class,accuracy,precision,recall,f1_score,cohen_kappa_score,roc_auc_score,confusion_matrix,TP,FP,FN,TN
15,10,awake,0.5824149215620094,0.8182500938790838,0.627326789682504,0.7101804274648998,0.007957292738996258,0.5055671147537246,[[ 9647 15488][ 41423 69728]],9647,15488,41423,69728
15,10,asleep,0.5824149215620094,0.18889759154102212,0.3838074398249453,0.25318548651663275,0.007957292738996258,0.5055671147537247,[[ 69728 41423][ 15488 9647]],69728,41423,15488,9647
15,10,avg,0.5824149215620094,0.5035738427100529,0.5055671147537246,0.4816829569907663,0.007957292738996258,0.5055671147537246,,,,,
