client,round,class,accuracy,precision,recall,f1_score,cohen_kappa_score,roc_auc_score,confusion_matrix,TP,FP,FN,TN
4,20,awake,0.8224542506200196,0.8395738631925894,0.9670988115266619,0.8988356293245813,0.20255595411444483,0.5749558111741128,[[ 4595 20540][ 3657 107494]],4595,20540,3657,107494
4,20,asleep,0.8224542506200196,0.5568347067377606,0.18281281082156356,0.2752568364932459,0.20255595411444483,0.5749558111741128,[[ 107494 3657][ 20540 4595]],107494,3657,20540,4595
4,20,avg,0.8224542506200196,0.6982042849651751,0.5749558111741128,0.5870462329089136,0.20255595411444483,0.5749558111741128,,,,,
