client,round,class,accuracy,precision,recall,f1_score,cohen_kappa_score,roc_auc_score,confusion_matrix,TP,FP,FN,TN
1,17,awake,0.7064482045111017,0.8481920870773869,0.779597124632257,0.8124493115750095,0.1428075878963313,0.5812845380471808,[[ 9626 15509][ 24498 86653]],9626,15509,24498,86653
1,17,asleep,0.7064482045111017,0.28208885242058374,0.3829719514621046,0.32487892134528085,0.1428075878963313,0.5812845380471808,[[ 86653 24498][ 15509 9626]],86653,24498,15509,9626
1,17,avg,0.7064482045111017,0.5651404697489854,0.5812845380471808,0.5686641164601451,0.1428075878963313,0.5812845380471808,,,,,
