client,round,class,accuracy,precision,recall,f1_score,cohen_kappa_score,roc_auc_score,confusion_matrix,TP,FP,FN,TN
17,21,awake,0.8007278810736246,0.8261585417944874,0.9570494192584862,0.8868001600586881,0.0912301334991068,0.5332491973953064,[[ 2751 22384][ 4774 106377]],2751,22384,4774,106377
17,21,asleep,0.8007278810736246,0.3655813953488372,0.10944897553212651,0.16846295162278016,0.0912301334991068,0.5332491973953064,[[ 106377 4774][ 22384 2751]],106377,4774,22384,2751
17,21,avg,0.8007278810736246,0.5958699685716623,0.5332491973953064,0.5276315558407342,0.0912301334991068,0.5332491973953064,,,,,
