client,round,class,accuracy,precision,recall,f1_score,cohen_kappa_score,roc_auc_score,confusion_matrix,TP,FP,FN,TN
14,21,awake,0.8299385116593047,0.8668579339794166,0.9351062968394347,0.8996896815882071,0.3466786803030415,0.6499880002199958,[[ 9171 15964][ 7213 103938]],9171,15964,7213,103938
14,21,asleep,0.8299385116593047,0.55975341796875,0.364869703600557,0.4417736458007177,0.3466786803030415,0.6499880002199958,[[ 103938 7213][ 15964 9171]],103938,7213,15964,9171
14,21,avg,0.8299385116593047,0.7133056759740832,0.6499880002199958,0.6707316636944624,0.3466786803030415,0.6499880002199958,,,,,
