client,round,class,accuracy,precision,recall,f1_score,cohen_kappa_score,roc_auc_score,confusion_matrix,TP,FP,FN,TN
11,18,awake,0.8326240406204599,0.8644750305310757,0.9425376289911922,0.9018201851604768,0.34193980276412206,0.6445530794647626,[[ 8711 16424][ 6387 104764]],8711,16424,6387,104764
11,18,asleep,0.8326240406204599,0.5769638362697046,0.346568529938333,0.4330276141475902,0.34193980276412206,0.6445530794647626,[[ 104764 6387][ 16424 8711]],104764,6387,16424,8711
11,18,avg,0.8326240406204599,0.7207194334003901,0.6445530794647626,0.6674238996540335,0.34193980276412206,0.6445530794647626,,,,,
