client,round,class,accuracy,precision,recall,f1_score,cohen_kappa_score,roc_auc_score,confusion_matrix,TP,FP,FN,TN
15,28,awake,0.6134599298533965,0.8089029299578415,0.6887657331018164,0.7440158605207149,-0.024549877325106273,0.4846056634476657,[[ 7049 18086][ 34594 76557]],7049,18086,34594,76557
15,28,asleep,0.6134599298533965,0.16927214657925702,0.280445593793515,0.21111743388541138,-0.024549877325106273,0.48460566344766576,[[ 76557 34594][ 18086 7049]],76557,34594,18086,7049
15,28,avg,0.6134599298533965,0.4890875382685493,0.48460566344766576,0.47756664720306313,-0.024549877325106273,0.48460566344766576,,,,,
