client,round,class,accuracy,precision,recall,f1_score,cohen_kappa_score,roc_auc_score,confusion_matrix,TP,FP,FN,TN
7,7,awake,0.827062207416756,0.8445885333878913,0.9656413347608208,0.9010674423778401,0.23833482799892558,0.5899422110446236,[[ 5385 19750][ 3819 107332]],5385,19750,3819,107332
7,7,asleep,0.827062207416756,0.5850717079530638,0.2142430873284265,0.313637554966656,0.23833482799892558,0.5899422110446236,[[ 107332 3819][ 19750 5385]],107332,3819,19750,5385
7,7,avg,0.827062207416756,0.7148301206704776,0.5899422110446236,0.607352498672248,0.23833482799892558,0.5899422110446236,,,,,
