client,round,class,accuracy,precision,recall,f1_score,cohen_kappa_score,roc_auc_score,confusion_matrix,TP,FP,FN,TN
6,25,awake,0.6012796618875013,0.8956473292011978,0.5785193115671474,0.7029724618193347,0.1746415942367434,0.640224445916854,[[ 17643 7492][ 46848 64303]],17643,7492,46848,64303
6,25,asleep,0.6012796618875013,0.27357305670558685,0.7019295802665606,0.3937027201928012,0.1746415942367434,0.640224445916854,[[ 64303 46848][ 7492 17643]],64303,46848,7492,17643
6,25,avg,0.6012796618875013,0.5846101929533923,0.640224445916854,0.5483375910060679,0.1746415942367434,0.640224445916854,,,,,
