client,round,class,accuracy,precision,recall,f1_score,cohen_kappa_score,roc_auc_score,confusion_matrix,TP,FP,FN,TN
18,13,awake,0.819702684061459,0.8314485441055992,0.9769862619319665,0.8983611710884438,0.1444070128052256,0.5505778733570713,[[ 3121 22014][ 2558 108593]],3121,22014,2558,108593
18,13,asleep,0.819702684061459,0.5495685860186652,0.12416948478217625,0.20257026027130526,0.1444070128052256,0.5505778733570713,[[ 108593 2558][ 22014 3121]],108593,2558,22014,3121
18,13,avg,0.819702684061459,0.6905085650621322,0.5505778733570713,0.5504657156798746,0.1444070128052256,0.5505778733570713,,,,,
