client,round,class,accuracy,precision,recall,f1_score,cohen_kappa_score,roc_auc_score,confusion_matrix,TP,FP,FN,TN
10,25,awake,0.7593736700761634,0.917899542404881,0.7742080593067089,0.8399527579037784,0.3691117737912284,0.7339908408727696,[[ 17438 7697][ 25097 86054]],17438,7697,25097,86054
10,25,asleep,0.7593736700761634,0.40996826143176207,0.6937736224388303,0.5153834786463721,0.3691117737912284,0.7339908408727697,[[ 86054 25097][ 7697 17438]],86054,25097,7697,17438
10,25,avg,0.7593736700761634,0.6639339019183216,0.7339908408727696,0.6776681182750752,0.3691117737912284,0.7339908408727696,,,,,
