client,round,class,accuracy,precision,recall,f1_score,cohen_kappa_score,roc_auc_score,confusion_matrix,TP,FP,FN,TN
0,5,awake,0.8119982976974891,0.8689680163585067,0.9061187033854846,0.8871545975847155,0.325729647187718,0.650950738205573,[[ 9948 15187][ 10435 100716]],9948,15187,10435,100716
0,5,asleep,0.8119982976974891,0.4880537702987784,0.39578277302566145,0.43710180587899294,0.325729647187718,0.6509507382055729,[[ 100716 10435][ 15187 9948]],100716,10435,15187,9948
0,5,avg,0.8119982976974891,0.6785108933286426,0.650950738205573,0.6621282017318542,0.325729647187718,0.650950738205573,,,,,
