client,round,class,accuracy,precision,recall,f1_score,cohen_kappa_score,roc_auc_score,confusion_matrix,TP,FP,FN,TN
15,14,awake,0.5832587353066345,0.8139693395409018,0.6338944318989482,0.7127336732216556,-0.004908080857074504,0.4966169991203514,[[ 9032 16103][ 40693 70458]],9032,16103,40693,70458
15,14,asleep,0.5832587353066345,0.18163901458019105,0.3593395663417545,0.24130376703179265,-0.004908080857074504,0.49661699912035145,[[ 70458 40693][ 16103 9032]],70458,40693,16103,9032
15,14,avg,0.5832587353066345,0.4978041770605464,0.4966169991203514,0.47701872012672414,-0.004908080857074504,0.4966169991203514,,,,,
