client,round,class,accuracy,precision,recall,f1_score,cohen_kappa_score,roc_auc_score,confusion_matrix,TP,FP,FN,TN
4,1,awake,0.8052037626755499,0.814474222205702,0.9856771419060557,0.8919345778414595,-0.011246254449152504,0.4963993427851345,[[ 179 24956][ 1592 109559]],179,24956,1592,109559
4,1,asleep,0.8052037626755499,0.10107284020327499,0.007121543664213249,0.013305582397978147,-0.011246254449152504,0.49639934278513453,[[ 109559 1592][ 24956 179]],109559,1592,24956,179
4,1,avg,0.8052037626755499,0.4577735312044885,0.4963993427851345,0.4526200801197188,-0.011246254449152504,0.49639934278513453,,,,,
