client,round,class,accuracy,precision,recall,f1_score,cohen_kappa_score,roc_auc_score,confusion_matrix,TP,FP,FN,TN
4,10,awake,0.8215590742996346,0.863192236908148,0.9283407256794811,0.8945819299409167,0.31887424298673794,0.6388471084136416,[[ 8781 16354][ 7965 103186]],8781,16354,7965,103186
4,10,asleep,0.8215590742996346,0.5243640272303833,0.34935349114780184,0.4193309615338698,0.31887424298673794,0.6388471084136415,[[ 103186 7965][ 16354 8781]],103186,7965,16354,8781
4,10,avg,0.8215590742996346,0.6937781320692656,0.6388471084136415,0.6569564457373932,0.31887424298673794,0.6388471084136416,,,,,
