client,round,class,accuracy,precision,recall,f1_score,cohen_kappa_score,roc_auc_score,confusion_matrix,TP,FP,FN,TN
17,7,awake,0.8181104442129052,0.8335521945341346,0.9708414679130192,0.8969739286560353,0.15810949741445346,0.5567754186591155,[[ 3587 21548][ 3241 107910]],3587,21548,3241,107910
17,7,asleep,0.8181104442129052,0.5253368482718219,0.14270936940521187,0.22444701686324817,0.15810949741445346,0.5567754186591156,[[ 107910 3241][ 21548 3587]],107910,3241,21548,3587
17,7,avg,0.8181104442129052,0.6794445214029783,0.5567754186591155,0.5607104727596417,0.15810949741445346,0.5567754186591156,,,,,
