client,round,class,accuracy,precision,recall,f1_score,cohen_kappa_score,roc_auc_score,confusion_matrix,TP,FP,FN,TN
3,7,awake,0.8283682843432194,0.856991766735006,0.9477017750627524,0.9000670748119127,0.30328743824450255,0.6241791151024922,[[ 7557 17578][ 5813 105338]],7557,17578,5813,105338
3,7,asleep,0.8283682843432194,0.5652206432311144,0.30065645514223194,0.392520451889365,0.30328743824450255,0.6241791151024922,[[ 105338 5813][ 17578 7557]],105338,5813,17578,7557
3,7,avg,0.8283682843432194,0.7111062049830602,0.6241791151024922,0.6462937633506389,0.30328743824450255,0.6241791151024922,,,,,
