client,round,class,accuracy,precision,recall,f1_score,cohen_kappa_score,roc_auc_score,confusion_matrix,TP,FP,FN,TN
14,10,awake,0.8351701568759814,0.8726313224258619,0.9342606004444405,0.9023949389968369,0.3767671386315441,0.6656184641370799,[[ 9978 15157][ 7307 103844]],9978,15157,7307,103844
14,10,asleep,0.8351701568759814,0.5772635232860862,0.39697632782971953,0.4704384724186705,0.3767671386315441,0.66561846413708,[[ 103844 7307][ 15157 9978]],103844,7307,15157,9978
14,10,avg,0.8351701568759814,0.724947422855974,0.66561846413708,0.6864167057077537,0.3767671386315441,0.6656184641370799,,,,,
