client,round,class,accuracy,precision,recall,f1_score,cohen_kappa_score,roc_auc_score,confusion_matrix,TP,FP,FN,TN
16,3,awake,0.8183525820700586,0.8542782393320812,0.937130570125325,0.8937884521327258,0.2760358315265019,0.6151139224209279,[[ 7367 17768][ 6988 104163]],7367,17768,6988,104163
16,3,asleep,0.8183525820700586,0.5132009752699408,0.29309727471653074,0.37310711572550015,0.2760358315265019,0.6151139224209279,[[ 104163 6988][ 17768 7367]],104163,6988,17768,7367
16,3,avg,0.8183525820700586,0.683739607301011,0.6151139224209279,0.633447783929113,0.2760358315265019,0.6151139224209279,,,,,
