client,round,class,accuracy,precision,recall,f1_score,cohen_kappa_score,roc_auc_score,confusion_matrix,TP,FP,FN,TN
3,12,awake,0.8290653478713881,0.8518957630716729,0.9567435290730628,0.9012806061479265,0.2802044735977893,0.6105977442460997,[[ 6647 18488][ 4808 106343]],6647,18488,4808,106343
3,12,asleep,0.8290653478713881,0.58027062418158,0.2644519594191367,0.36332331238043186,0.2802044735977893,0.6105977442460998,[[ 106343 4808][ 18488 6647]],106343,4808,18488,6647
3,12,avg,0.8290653478713881,0.7160831936266265,0.6105977442460997,0.6323019592641792,0.2802044735977893,0.6105977442460997,,,,,
