client,round,class,accuracy,precision,recall,f1_score,cohen_kappa_score,roc_auc_score,confusion_matrix,TP,FP,FN,TN
6,26,awake,0.6348414363911187,0.8945406399033332,0.6260762386303317,0.7366097891438733,0.19800126375127025,0.6498393924402902,[[ 16931 8204][ 41562 69589]],16931,8204,41562,69589
6,26,asleep,0.6348414363911187,0.28945343887302755,0.6736025462502486,0.4049122303534701,0.19800126375127025,0.6498393924402903,[[ 69589 41562][ 8204 16931]],69589,41562,8204,16931
6,26,avg,0.6348414363911187,0.5919970393881804,0.6498393924402901,0.5707610097486717,0.19800126375127025,0.6498393924402903,,,,,
